TransactionID,Date,AccountNumber,Description,Amount,Type
TX-10001,24/11/2025,610000,Journal Entry - Tx 10001 Line 1,1714.4,Debit
TX-10001,24/11/2025,301000,Journal Entry - Tx 10001 Line 2,-1714.4,Credit
TX-10002,06/05/2025,610000,Journal Entry - Tx 10002 Line 1,3387,Debit
TX-10002,06/05/2025,201000,Journal Entry - Tx 10002 Line 2,-3387,Credit
TX-10003,13/12/2025,601010,Journal Entry - Tx 10003 Line 1,11122.98,Debit
TX-10003,13/12/2025,201000,Journal Entry - Tx 10003 Line 2,-11122.98,Credit
TX-10004,30/10/2025,101000,Journal Entry - Tx 10004 Line 1,6357.73,Debit
TX-10004,30/10/2025,201000,Journal Entry - Tx 10004 Line 2,-6357.73,Credit
TX-10005,22/04/2025,601010,Journal Entry - Tx 10005 Line 1,3528.28,Debit
TX-10005,22/04/2025,201000,Journal Entry - Tx 10005 Line 2,-3528.28,Credit
TX-10006,15/10/2025,610000,Journal Entry - Tx 10006 Line 1,3022.62,Debit
TX-10006,15/10/2025,402000,Journal Entry - Tx 10006 Line 2,-3022.62,Credit
TX-10007,07/10/2025,501000,Journal Entry - Tx 10007 Line 1,6321.82,Debit
TX-10007,07/10/2025,401000,Journal Entry - Tx 10007 Line 2,-6321.82,Credit
TX-10008,23/05/2025,101000,Journal Entry - Tx 10008 Line 1,12150.99,Debit
TX-10008,23/05/2025,210000,Journal Entry - Tx 10008 Line 2,-12150.99,Credit
TX-10009,24/12/2025,110000,Journal Entry - Tx 10009 Line 1,6368.09,Debit
TX-10009,24/12/2025,210000,Journal Entry - Tx 10009 Line 2,-6368.09,Credit
TX-10010,21/04/2025,110000,Journal Entry - Tx 10010 Line 1,14360.34,Debit
TX-10010,21/04/2025,201000,Journal Entry - Tx 10010 Line 2,-14360.34,Credit
TX-10011,17/02/2025,110000,Journal Entry - Tx 10011 Line 1,5729.91,Debit
TX-10011,17/02/2025,301000,Journal Entry - Tx 10011 Line 2,-5729.91,Credit
TX-10012,06/11/2025,101000,Journal Entry - Tx 10012 Line 1,4004.59,Debit
TX-10012,06/11/2025,402000,Journal Entry - Tx 10012 Line 2,-4004.59,Credit
TX-10013,24/08/2025,501000,Journal Entry - Tx 10013 Line 1,8066.61,Debit
TX-10013,24/08/2025,201000,Journal Entry - Tx 10013 Line 2,-8066.61,Credit
TX-10014,10/10/2025,610000,Journal Entry - Tx 10014 Line 1,4433.02,Debit
TX-10014,10/10/2025,401000,Journal Entry - Tx 10014 Line 2,-4433.02,Credit
TX-10015,05/07/2025,610000,Journal Entry - Tx 10015 Line 1,8681.41,Debit
TX-10015,05/07/2025,201000,Journal Entry - Tx 10015 Line 2,-8681.41,Credit
TX-10016,24/01/2025,110000,Journal Entry - Tx 10016 Line 1,9935.89,Debit
TX-10016,24/01/2025,201000,Journal Entry - Tx 10016 Line 2,-9935.89,Credit
TX-10017,30/04/2025,501000,Journal Entry - Tx 10017 Line 1,13003.93,Debit
TX-10017,30/04/2025,301000,Journal Entry - Tx 10017 Line 2,-13003.93,Credit
TX-10018,21/08/2025,110000,Journal Entry - Tx 10018 Line 1,9553.48,Debit
TX-10018,21/08/2025,210000,Journal Entry - Tx 10018 Line 2,-9553.48,Credit
TX-10019,09/07/2025,610000,Journal Entry - Tx 10019 Line 1,5361.3,Debit
TX-10019,09/07/2025,301000,Journal Entry - Tx 10019 Line 2,-5361.3,Credit
TX-10020,26/12/2025,610000,Journal Entry - Tx 10020 Line 1,14052.99,Debit
TX-10020,26/12/2025,201000,Journal Entry - Tx 10020 Line 2,-14052.99,Credit
TX-10021,08/11/2025,601010,Journal Entry - Tx 10021 Line 1,9542.93,Debit
TX-10021,08/11/2025,402000,Journal Entry - Tx 10021 Line 2,-9542.93,Credit
TX-10022,06/05/2025,501000,Journal Entry - Tx 10022 Line 1,2492.87,Debit
TX-10022,06/05/2025,301000,Journal Entry - Tx 10022 Line 2,-2492.87,Credit
TX-10023,24/11/2025,102001,Journal Entry - Tx 10023 Line 1,10338.02,Debit
TX-10023,24/11/2025,402000,Journal Entry - Tx 10023 Line 2,-10338.02,Credit
TX-10024,16/06/2025,101000,Journal Entry - Tx 10024 Line 1,12650.64,Debit
TX-10024,16/06/2025,210000,Journal Entry - Tx 10024 Line 2,-12650.64,Credit
TX-10025,17/01/2025,501000,Journal Entry - Tx 10025 Line 1,12085.43,Debit
TX-10025,17/01/2025,301000,Journal Entry - Tx 10025 Line 2,-12085.43,Credit
TX-10026,03/02/2025,601010,Journal Entry - Tx 10026 Line 1,3204.19,Debit
TX-10026,03/02/2025,402000,Journal Entry - Tx 10026 Line 2,-3204.19,Credit
TX-10027,11/06/2025,501000,Journal Entry - Tx 10027 Line 1,3228.77,Debit
TX-10027,11/06/2025,390000,Journal Entry - Tx 10027 Line 2,-3228.77,Credit
TX-10028,26/11/2025,110000,Journal Entry - Tx 10028 Line 1,6909.84,Debit
TX-10028,26/11/2025,210000,Journal Entry - Tx 10028 Line 2,-6909.84,Credit
TX-10029,07/05/2025,601010,Journal Entry - Tx 10029 Line 1,11187.59,Debit
TX-10029,07/05/2025,301000,Journal Entry - Tx 10029 Line 2,-11187.59,Credit
TX-10030,27/10/2025,601010,Journal Entry - Tx 10030 Line 1,6455.09,Debit
TX-10030,27/10/2025,390000,Journal Entry - Tx 10030 Line 2,-6455.09,Credit
TX-10031,05/07/2025,102001,Journal Entry - Tx 10031 Line 1,3328.85,Debit
TX-10031,05/07/2025,401000,Journal Entry - Tx 10031 Line 2,-3328.85,Credit
TX-10032,10/09/2025,101000,Journal Entry - Tx 10032 Line 1,1409.1,Debit
TX-10032,10/09/2025,201000,Journal Entry - Tx 10032 Line 2,-1409.1,Credit
TX-10033,20/03/2025,610000,Journal Entry - Tx 10033 Line 1,9430.32,Debit
TX-10033,20/03/2025,390000,Journal Entry - Tx 10033 Line 2,-9430.32,Credit
TX-10034,02/11/2025,501000,Journal Entry - Tx 10034 Line 1,999.74,Debit
TX-10034,02/11/2025,401000,Journal Entry - Tx 10034 Line 2,-999.74,Credit
TX-10035,28/08/2025,601010,Journal Entry - Tx 10035 Line 1,7960.26,Debit
TX-10035,28/08/2025,201000,Journal Entry - Tx 10035 Line 2,-7960.26,Credit
TX-10036,15/12/2025,610000,Journal Entry - Tx 10036 Line 1,10824.79,Debit
TX-10036,15/12/2025,401000,Journal Entry - Tx 10036 Line 2,-10824.79,Credit
TX-10037,17/05/2025,110000,Journal Entry - Tx 10037 Line 1,11540.55,Debit
TX-10037,17/05/2025,201000,Journal Entry - Tx 10037 Line 2,-11540.55,Credit
TX-10038,31/05/2025,501000,Journal Entry - Tx 10038 Line 1,6549.74,Debit
TX-10038,31/05/2025,201000,Journal Entry - Tx 10038 Line 2,-6549.74,Credit
TX-10039,15/05/2025,102001,Journal Entry - Tx 10039 Line 1,14579.73,Debit
TX-10039,15/05/2025,401000,Journal Entry - Tx 10039 Line 2,-14579.73,Credit
TX-10040,24/02/2025,110000,Journal Entry - Tx 10040 Line 1,13064.25,Debit
TX-10040,24/02/2025,402000,Journal Entry - Tx 10040 Line 2,-13064.25,Credit
TX-10041,17/09/2025,102001,Journal Entry - Tx 10041 Line 1,9154.1,Debit
TX-10041,17/09/2025,301000,Journal Entry - Tx 10041 Line 2,-9154.1,Credit
TX-10042,24/03/2025,601010,Journal Entry - Tx 10042 Line 1,8113.72,Debit
TX-10042,24/03/2025,201000,Journal Entry - Tx 10042 Line 2,-8113.72,Credit
TX-10043,03/11/2025,101000,Journal Entry - Tx 10043 Line 1,4896.13,Debit
TX-10043,03/11/2025,201000,Journal Entry - Tx 10043 Line 2,-4896.13,Credit
TX-10044,05/07/2025,110000,Journal Entry - Tx 10044 Line 1,13186.89,Debit
TX-10044,05/07/2025,210000,Journal Entry - Tx 10044 Line 2,-13186.89,Credit
TX-10045,30/01/2025,601010,Journal Entry - Tx 10045 Line 1,3651.03,Debit
TX-10045,30/01/2025,201000,Journal Entry - Tx 10045 Line 2,-3651.03,Credit
TX-10046,13/02/2025,101000,Journal Entry - Tx 10046 Line 1,10992.02,Debit
TX-10046,13/02/2025,401000,Journal Entry - Tx 10046 Line 2,-10992.02,Credit
TX-10047,06/03/2025,501000,Journal Entry - Tx 10047 Line 1,1969.45,Debit
TX-10047,06/03/2025,401000,Journal Entry - Tx 10047 Line 2,-1969.45,Credit
TX-10048,26/03/2025,601010,Journal Entry - Tx 10048 Line 1,4012.6,Debit
TX-10048,26/03/2025,390000,Journal Entry - Tx 10048 Line 2,-4012.6,Credit
TX-10049,19/04/2025,610000,Journal Entry - Tx 10049 Line 1,13937.26,Debit
TX-10049,19/04/2025,402000,Journal Entry - Tx 10049 Line 2,-13937.26,Credit
TX-10050,13/04/2025,501000,Journal Entry - Tx 10050 Line 1,10708.59,Debit
TX-10050,13/04/2025,402000,Journal Entry - Tx 10050 Line 2,-10708.59,Credit
TX-10051,29/11/2025,601010,Journal Entry - Tx 10051 Line 1,5632.64,Debit
TX-10051,29/11/2025,390000,Journal Entry - Tx 10051 Line 2,-5632.64,Credit
TX-10052,03/03/2025,101000,Journal Entry - Tx 10052 Line 1,3756.19,Debit
TX-10052,03/03/2025,301000,Journal Entry - Tx 10052 Line 2,-3756.19,Credit
TX-10053,11/01/2025,102001,Journal Entry - Tx 10053 Line 1,8845.22,Debit
TX-10053,11/01/2025,401000,Journal Entry - Tx 10053 Line 2,-8845.22,Credit
TX-10054,23/04/2025,610000,Journal Entry - Tx 10054 Line 1,157.5,Debit
TX-10054,23/04/2025,402000,Journal Entry - Tx 10054 Line 2,-157.5,Credit
TX-10055,31/01/2025,101000,Journal Entry - Tx 10055 Line 1,3472.68,Debit
TX-10055,31/01/2025,301000,Journal Entry - Tx 10055 Line 2,-3472.68,Credit
TX-10056,06/02/2025,110000,Journal Entry - Tx 10056 Line 1,7736.63,Debit
TX-10056,06/02/2025,402000,Journal Entry - Tx 10056 Line 2,-7736.63,Credit
TX-10057,06/09/2025,102001,Journal Entry - Tx 10057 Line 1,3252.84,Debit
TX-10057,06/09/2025,402000,Journal Entry - Tx 10057 Line 2,-3252.84,Credit
TX-10058,20/10/2025,102001,Journal Entry - Tx 10058 Line 1,8664.36,Debit
TX-10058,20/10/2025,390000,Journal Entry - Tx 10058 Line 2,-8664.36,Credit
TX-10059,28/07/2025,101000,Journal Entry - Tx 10059 Line 1,2896.63,Debit
TX-10059,28/07/2025,402000,Journal Entry - Tx 10059 Line 2,-2896.63,Credit
TX-10060,09/08/2025,501000,Journal Entry - Tx 10060 Line 1,5346.75,Debit
TX-10060,09/08/2025,390000,Journal Entry - Tx 10060 Line 2,-5346.75,Credit
TX-10061,28/01/2025,610000,Journal Entry - Tx 10061 Line 1,10116.8,Debit
TX-10061,28/01/2025,201000,Journal Entry - Tx 10061 Line 2,-10116.8,Credit
TX-10062,01/02/2025,110000,Journal Entry - Tx 10062 Line 1,6069.19,Debit
TX-10062,01/02/2025,201000,Journal Entry - Tx 10062 Line 2,-6069.19,Credit
TX-10063,08/05/2025,601010,Journal Entry - Tx 10063 Line 1,2914.27,Debit
TX-10063,08/05/2025,390000,Journal Entry - Tx 10063 Line 2,-2914.27,Credit
TX-10064,13/03/2025,110000,Journal Entry - Tx 10064 Line 1,6357.13,Debit
TX-10064,13/03/2025,390000,Journal Entry - Tx 10064 Line 2,-6357.13,Credit
TX-10065,08/05/2025,101000,Journal Entry - Tx 10065 Line 1,13123.57,Debit
TX-10065,08/05/2025,390000,Journal Entry - Tx 10065 Line 2,-13123.57,Credit
TX-10066,09/10/2025,610000,Journal Entry - Tx 10066 Line 1,1513.74,Debit
TX-10066,09/10/2025,401000,Journal Entry - Tx 10066 Line 2,-1513.74,Credit
TX-10067,08/01/2025,102001,Journal Entry - Tx 10067 Line 1,14536.49,Debit
TX-10067,08/01/2025,210000,Journal Entry - Tx 10067 Line 2,-14536.49,Credit
TX-10068,28/07/2025,102001,Journal Entry - Tx 10068 Line 1,7310.33,Debit
TX-10068,28/07/2025,390000,Journal Entry - Tx 10068 Line 2,-7310.33,Credit
TX-10069,31/01/2025,101000,Journal Entry - Tx 10069 Line 1,2511.32,Debit
TX-10069,31/01/2025,390000,Journal Entry - Tx 10069 Line 2,-2511.32,Credit
TX-10070,16/05/2025,501000,Journal Entry - Tx 10070 Line 1,13901.45,Debit
TX-10070,16/05/2025,301000,Journal Entry - Tx 10070 Line 2,-13901.45,Credit
TX-10071,05/08/2025,610000,Journal Entry - Tx 10071 Line 1,10464.04,Debit
TX-10071,05/08/2025,401000,Journal Entry - Tx 10071 Line 2,-10464.04,Credit
TX-10072,05/12/2025,102001,Journal Entry - Tx 10072 Line 1,10790.2,Debit
TX-10072,05/12/2025,210000,Journal Entry - Tx 10072 Line 2,-10790.2,Credit
TX-10073,01/06/2025,101000,Journal Entry - Tx 10073 Line 1,3304.63,Debit
TX-10073,01/06/2025,401000,Journal Entry - Tx 10073 Line 2,-3304.63,Credit
TX-10074,05/10/2025,110000,Journal Entry - Tx 10074 Line 1,961.32,Debit
TX-10074,05/10/2025,201000,Journal Entry - Tx 10074 Line 2,-961.32,Credit
TX-10075,26/01/2025,601010,Journal Entry - Tx 10075 Line 1,8783.46,Debit
TX-10075,26/01/2025,401000,Journal Entry - Tx 10075 Line 2,-8783.46,Credit
TX-10076,22/03/2025,601010,Journal Entry - Tx 10076 Line 1,900.35,Debit
TX-10076,22/03/2025,201000,Journal Entry - Tx 10076 Line 2,-900.35,Credit
TX-10077,06/04/2025,101000,Journal Entry - Tx 10077 Line 1,1074.39,Debit
TX-10077,06/04/2025,402000,Journal Entry - Tx 10077 Line 2,-1074.39,Credit
TX-10078,01/05/2025,601010,Journal Entry - Tx 10078 Line 1,6086.44,Debit
TX-10078,01/05/2025,210000,Journal Entry - Tx 10078 Line 2,-6086.44,Credit
TX-10079,24/10/2025,601010,Journal Entry - Tx 10079 Line 1,8938.06,Debit
TX-10079,24/10/2025,201000,Journal Entry - Tx 10079 Line 2,-8938.06,Credit
TX-10080,03/08/2025,601010,Journal Entry - Tx 10080 Line 1,9877.73,Debit
TX-10080,03/08/2025,401000,Journal Entry - Tx 10080 Line 2,-9877.73,Credit
TX-10081,11/06/2025,102001,Journal Entry - Tx 10081 Line 1,14023.86,Debit
TX-10081,11/06/2025,402000,Journal Entry - Tx 10081 Line 2,-14023.86,Credit
TX-10082,10/06/2025,501000,Journal Entry - Tx 10082 Line 1,3618.35,Debit
TX-10082,10/06/2025,210000,Journal Entry - Tx 10082 Line 2,-3618.35,Credit
TX-10083,10/12/2025,501000,Journal Entry - Tx 10083 Line 1,9700.24,Debit
TX-10083,10/12/2025,301000,Journal Entry - Tx 10083 Line 2,-9700.24,Credit
TX-10084,07/02/2025,601010,Journal Entry - Tx 10084 Line 1,189.27,Debit
TX-10084,07/02/2025,401000,Journal Entry - Tx 10084 Line 2,-189.27,Credit
TX-10085,21/02/2025,102001,Journal Entry - Tx 10085 Line 1,1145.25,Debit
TX-10085,21/02/2025,401000,Journal Entry - Tx 10085 Line 2,-1145.25,Credit
TX-10086,16/05/2025,110000,Journal Entry - Tx 10086 Line 1,2030.23,Debit
TX-10086,16/05/2025,201000,Journal Entry - Tx 10086 Line 2,-2030.23,Credit
TX-10087,06/05/2025,102001,Journal Entry - Tx 10087 Line 1,5574.43,Debit
TX-10087,06/05/2025,390000,Journal Entry - Tx 10087 Line 2,-5574.43,Credit
TX-10088,06/10/2025,601010,Journal Entry - Tx 10088 Line 1,10567.92,Debit
TX-10088,06/10/2025,402000,Journal Entry - Tx 10088 Line 2,-10567.92,Credit
TX-10089,28/09/2025,601010,Journal Entry - Tx 10089 Line 1,166.96,Debit
TX-10089,28/09/2025,301000,Journal Entry - Tx 10089 Line 2,-166.96,Credit
TX-10090,06/12/2025,102001,Journal Entry - Tx 10090 Line 1,1598.62,Debit
TX-10090,06/12/2025,301000,Journal Entry - Tx 10090 Line 2,-1598.62,Credit
TX-10091,01/03/2025,610000,Journal Entry - Tx 10091 Line 1,13351.2,Debit
TX-10091,01/03/2025,401000,Journal Entry - Tx 10091 Line 2,-13351.2,Credit
TX-10092,21/03/2025,601010,Journal Entry - Tx 10092 Line 1,4121.61,Debit
TX-10092,21/03/2025,210000,Journal Entry - Tx 10092 Line 2,-4121.61,Credit
TX-10093,25/06/2025,610000,Journal Entry - Tx 10093 Line 1,3093.78,Debit
TX-10093,25/06/2025,301000,Journal Entry - Tx 10093 Line 2,-3093.78,Credit
TX-10094,16/09/2025,101000,Journal Entry - Tx 10094 Line 1,7353.55,Debit
TX-10094,16/09/2025,201000,Journal Entry - Tx 10094 Line 2,-7353.55,Credit
TX-10095,21/11/2025,110000,Journal Entry - Tx 10095 Line 1,6382.46,Debit
TX-10095,21/11/2025,201000,Journal Entry - Tx 10095 Line 2,-6382.46,Credit
TX-10096,02/01/2025,102001,Journal Entry - Tx 10096 Line 1,5036.67,Debit
TX-10096,02/01/2025,402000,Journal Entry - Tx 10096 Line 2,-5036.67,Credit
TX-10097,15/05/2025,501000,Journal Entry - Tx 10097 Line 1,2465.65,Debit
TX-10097,15/05/2025,401000,Journal Entry - Tx 10097 Line 2,-2465.65,Credit
TX-10098,28/12/2025,101000,Journal Entry - Tx 10098 Line 1,6443.92,Debit
TX-10098,28/12/2025,201000,Journal Entry - Tx 10098 Line 2,-6443.92,Credit
TX-10099,08/02/2025,610000,Journal Entry - Tx 10099 Line 1,14178.51,Debit
TX-10099,08/02/2025,210000,Journal Entry - Tx 10099 Line 2,-14178.51,Credit
TX-10100,07/10/2025,110000,Journal Entry - Tx 10100 Line 1,588.62,Debit
TX-10100,07/10/2025,401000,Journal Entry - Tx 10100 Line 2,-588.62,Credit
TX-10101,10/10/2025,102001,Journal Entry - Tx 10101 Line 1,2264,Debit
TX-10101,10/10/2025,201000,Journal Entry - Tx 10101 Line 2,-2264,Credit
TX-10102,07/06/2025,101000,Journal Entry - Tx 10102 Line 1,5501.54,Debit
TX-10102,07/06/2025,301000,Journal Entry - Tx 10102 Line 2,-5501.54,Credit
TX-10103,18/04/2025,610000,Journal Entry - Tx 10103 Line 1,10246.9,Debit
TX-10103,18/04/2025,201000,Journal Entry - Tx 10103 Line 2,-10246.9,Credit
TX-10104,01/07/2025,501000,Journal Entry - Tx 10104 Line 1,11712.74,Debit
TX-10104,01/07/2025,401000,Journal Entry - Tx 10104 Line 2,-11712.74,Credit
TX-10105,21/03/2025,102001,Journal Entry - Tx 10105 Line 1,13890.17,Debit
TX-10105,21/03/2025,210000,Journal Entry - Tx 10105 Line 2,-13890.17,Credit
TX-10106,01/04/2025,101000,Journal Entry - Tx 10106 Line 1,13227.17,Debit
TX-10106,01/04/2025,210000,Journal Entry - Tx 10106 Line 2,-13227.17,Credit
TX-10107,20/06/2025,501000,Journal Entry - Tx 10107 Line 1,11746.68,Debit
TX-10107,20/06/2025,402000,Journal Entry - Tx 10107 Line 2,-11746.68,Credit
TX-10108,08/05/2025,610000,Journal Entry - Tx 10108 Line 1,4038.75,Debit
TX-10108,08/05/2025,201000,Journal Entry - Tx 10108 Line 2,-4038.75,Credit
TX-10109,15/07/2025,501000,Journal Entry - Tx 10109 Line 1,13088.89,Debit
TX-10109,15/07/2025,210000,Journal Entry - Tx 10109 Line 2,-13088.89,Credit
TX-10110,13/04/2025,501000,Journal Entry - Tx 10110 Line 1,12257.97,Debit
TX-10110,13/04/2025,301000,Journal Entry - Tx 10110 Line 2,-12257.97,Credit
TX-10111,06/06/2025,102001,Journal Entry - Tx 10111 Line 1,12317.02,Debit
TX-10111,06/06/2025,210000,Journal Entry - Tx 10111 Line 2,-12317.02,Credit
TX-10112,13/01/2025,501000,Journal Entry - Tx 10112 Line 1,9917.5,Debit
TX-10112,13/01/2025,301000,Journal Entry - Tx 10112 Line 2,-9917.5,Credit
TX-10113,23/05/2025,110000,Journal Entry - Tx 10113 Line 1,12972.08,Debit
TX-10113,23/05/2025,301000,Journal Entry - Tx 10113 Line 2,-12972.08,Credit
TX-10114,25/11/2025,610000,Journal Entry - Tx 10114 Line 1,7665.61,Debit
TX-10114,25/11/2025,401000,Journal Entry - Tx 10114 Line 2,-7665.61,Credit
TX-10115,19/06/2025,101000,Journal Entry - Tx 10115 Line 1,14091.6,Debit
TX-10115,19/06/2025,301000,Journal Entry - Tx 10115 Line 2,-14091.6,Credit
TX-10116,02/04/2025,110000,Journal Entry - Tx 10116 Line 1,8729.82,Debit
TX-10116,02/04/2025,201000,Journal Entry - Tx 10116 Line 2,-8729.82,Credit
TX-10117,25/02/2025,110000,Journal Entry - Tx 10117 Line 1,8968.74,Debit
TX-10117,25/02/2025,402000,Journal Entry - Tx 10117 Line 2,-8968.74,Credit
TX-10118,10/06/2025,601010,Journal Entry - Tx 10118 Line 1,6574.09,Debit
TX-10118,10/06/2025,201000,Journal Entry - Tx 10118 Line 2,-6574.09,Credit
TX-10119,17/07/2025,102001,Journal Entry - Tx 10119 Line 1,13497.6,Debit
TX-10119,17/07/2025,301000,Journal Entry - Tx 10119 Line 2,-13497.6,Credit
TX-10120,23/01/2025,101000,Journal Entry - Tx 10120 Line 1,10646.34,Debit
TX-10120,23/01/2025,401000,Journal Entry - Tx 10120 Line 2,-10646.34,Credit
TX-10121,03/10/2025,610000,Journal Entry - Tx 10121 Line 1,10318.51,Debit
TX-10121,03/10/2025,402000,Journal Entry - Tx 10121 Line 2,-10318.51,Credit
TX-10122,10/12/2025,501000,Journal Entry - Tx 10122 Line 1,2995.68,Debit
TX-10122,10/12/2025,201000,Journal Entry - Tx 10122 Line 2,-2995.68,Credit
TX-10123,07/12/2025,601010,Journal Entry - Tx 10123 Line 1,13815.52,Debit
TX-10123,07/12/2025,301000,Journal Entry - Tx 10123 Line 2,-13815.52,Credit
TX-10124,06/12/2025,610000,Journal Entry - Tx 10124 Line 1,12727.83,Debit
TX-10124,06/12/2025,301000,Journal Entry - Tx 10124 Line 2,-12727.83,Credit
TX-10125,17/09/2025,501000,Journal Entry - Tx 10125 Line 1,4673.81,Debit
TX-10125,17/09/2025,301000,Journal Entry - Tx 10125 Line 2,-4673.81,Credit
TX-10126,26/07/2025,601010,Journal Entry - Tx 10126 Line 1,10473.27,Debit
TX-10126,26/07/2025,210000,Journal Entry - Tx 10126 Line 2,-10473.27,Credit
TX-10127,09/04/2025,501000,Journal Entry - Tx 10127 Line 1,6335.67,Debit
TX-10127,09/04/2025,402000,Journal Entry - Tx 10127 Line 2,-6335.67,Credit
TX-10128,31/03/2025,110000,Journal Entry - Tx 10128 Line 1,9251.95,Debit
TX-10128,31/03/2025,390000,Journal Entry - Tx 10128 Line 2,-9251.95,Credit
TX-10129,08/10/2025,110000,Journal Entry - Tx 10129 Line 1,12514.19,Debit
TX-10129,08/10/2025,301000,Journal Entry - Tx 10129 Line 2,-12514.19,Credit
TX-10130,18/04/2025,601010,Journal Entry - Tx 10130 Line 1,6476.83,Debit
TX-10130,18/04/2025,401000,Journal Entry - Tx 10130 Line 2,-6476.83,Credit
TX-10131,02/12/2025,501000,Journal Entry - Tx 10131 Line 1,4867.63,Debit
TX-10131,02/12/2025,390000,Journal Entry - Tx 10131 Line 2,-4867.63,Credit
TX-10132,12/12/2025,501000,Journal Entry - Tx 10132 Line 1,3244.84,Debit
TX-10132,12/12/2025,402000,Journal Entry - Tx 10132 Line 2,-3244.84,Credit
TX-10133,28/03/2025,110000,Journal Entry - Tx 10133 Line 1,9899.82,Debit
TX-10133,28/03/2025,401000,Journal Entry - Tx 10133 Line 2,-9899.82,Credit
TX-10134,06/12/2025,110000,Journal Entry - Tx 10134 Line 1,9512.47,Debit
TX-10134,06/12/2025,201000,Journal Entry - Tx 10134 Line 2,-9512.47,Credit
TX-10135,01/05/2025,102001,Journal Entry - Tx 10135 Line 1,10108.3,Debit
TX-10135,01/05/2025,210000,Journal Entry - Tx 10135 Line 2,-10108.3,Credit
TX-10136,17/03/2025,102001,Journal Entry - Tx 10136 Line 1,415.16,Debit
TX-10136,17/03/2025,390000,Journal Entry - Tx 10136 Line 2,-415.16,Credit
TX-10137,09/11/2025,101000,Journal Entry - Tx 10137 Line 1,12753.58,Debit
TX-10137,09/11/2025,390000,Journal Entry - Tx 10137 Line 2,-12753.58,Credit
TX-10138,01/08/2025,601010,Journal Entry - Tx 10138 Line 1,13297.75,Debit
TX-10138,01/08/2025,210000,Journal Entry - Tx 10138 Line 2,-13297.75,Credit
TX-10139,23/12/2025,501000,Journal Entry - Tx 10139 Line 1,5790.48,Debit
TX-10139,23/12/2025,210000,Journal Entry - Tx 10139 Line 2,-5790.48,Credit
TX-10140,17/03/2025,101000,Journal Entry - Tx 10140 Line 1,9858.07,Debit
TX-10140,17/03/2025,201000,Journal Entry - Tx 10140 Line 2,-9858.07,Credit
TX-10141,06/08/2025,610000,Journal Entry - Tx 10141 Line 1,3321.67,Debit
TX-10141,06/08/2025,401000,Journal Entry - Tx 10141 Line 2,-3321.67,Credit
TX-10142,26/08/2025,102001,Journal Entry - Tx 10142 Line 1,800.76,Debit
TX-10142,26/08/2025,201000,Journal Entry - Tx 10142 Line 2,-800.76,Credit
TX-10143,22/08/2025,501000,Journal Entry - Tx 10143 Line 1,2043.42,Debit
TX-10143,22/08/2025,402000,Journal Entry - Tx 10143 Line 2,-2043.42,Credit
TX-10144,29/09/2025,601010,Journal Entry - Tx 10144 Line 1,14818.99,Debit
TX-10144,29/09/2025,301000,Journal Entry - Tx 10144 Line 2,-14818.99,Credit
TX-10145,15/08/2025,610000,Journal Entry - Tx 10145 Line 1,9209.15,Debit
TX-10145,15/08/2025,401000,Journal Entry - Tx 10145 Line 2,-9209.15,Credit
TX-10146,07/08/2025,601010,Journal Entry - Tx 10146 Line 1,12467.01,Debit
TX-10146,07/08/2025,390000,Journal Entry - Tx 10146 Line 2,-12467.01,Credit
TX-10147,23/03/2025,501000,Journal Entry - Tx 10147 Line 1,11167.65,Debit
TX-10147,23/03/2025,390000,Journal Entry - Tx 10147 Line 2,-11167.65,Credit
TX-10148,13/05/2025,610000,Journal Entry - Tx 10148 Line 1,11289.06,Debit
TX-10148,13/05/2025,301000,Journal Entry - Tx 10148 Line 2,-11289.06,Credit
TX-10149,24/09/2025,102001,Journal Entry - Tx 10149 Line 1,7294.73,Debit
TX-10149,24/09/2025,301000,Journal Entry - Tx 10149 Line 2,-7294.73,Credit
TX-10150,14/08/2025,110000,Journal Entry - Tx 10150 Line 1,1208.38,Debit
TX-10150,14/08/2025,210000,Journal Entry - Tx 10150 Line 2,-1208.38,Credit
TX-10151,20/05/2025,601010,Journal Entry - Tx 10151 Line 1,5070.92,Debit
TX-10151,20/05/2025,201000,Journal Entry - Tx 10151 Line 2,-5070.92,Credit
TX-10152,12/03/2025,501000,Journal Entry - Tx 10152 Line 1,2304.92,Debit
TX-10152,12/03/2025,402000,Journal Entry - Tx 10152 Line 2,-2304.92,Credit
TX-10153,20/03/2025,101000,Journal Entry - Tx 10153 Line 1,10610.97,Debit
TX-10153,20/03/2025,390000,Journal Entry - Tx 10153 Line 2,-10610.97,Credit
TX-10154,28/07/2025,501000,Journal Entry - Tx 10154 Line 1,4996.68,Debit
TX-10154,28/07/2025,390000,Journal Entry - Tx 10154 Line 2,-4996.68,Credit
TX-10155,01/02/2025,501000,Journal Entry - Tx 10155 Line 1,3142.17,Debit
TX-10155,01/02/2025,390000,Journal Entry - Tx 10155 Line 2,-3142.17,Credit
TX-10156,27/10/2025,101000,Journal Entry - Tx 10156 Line 1,14193.63,Debit
TX-10156,27/10/2025,401000,Journal Entry - Tx 10156 Line 2,-14193.63,Credit
TX-10157,14/07/2025,110000,Journal Entry - Tx 10157 Line 1,7180.85,Debit
TX-10157,14/07/2025,301000,Journal Entry - Tx 10157 Line 2,-7180.85,Credit
TX-10158,19/07/2025,501000,Journal Entry - Tx 10158 Line 1,12809.05,Debit
TX-10158,19/07/2025,401000,Journal Entry - Tx 10158 Line 2,-12809.05,Credit
TX-10159,07/10/2025,102001,Journal Entry - Tx 10159 Line 1,12008.03,Debit
TX-10159,07/10/2025,390000,Journal Entry - Tx 10159 Line 2,-12008.03,Credit
TX-10160,23/04/2025,501000,Journal Entry - Tx 10160 Line 1,4130.38,Debit
TX-10160,23/04/2025,201000,Journal Entry - Tx 10160 Line 2,-4130.38,Credit
TX-10161,19/07/2025,610000,Journal Entry - Tx 10161 Line 1,5075.14,Debit
TX-10161,19/07/2025,390000,Journal Entry - Tx 10161 Line 2,-5075.14,Credit
TX-10162,26/03/2025,102001,Journal Entry - Tx 10162 Line 1,12615.56,Debit
TX-10162,26/03/2025,401000,Journal Entry - Tx 10162 Line 2,-12615.56,Credit
TX-10163,01/10/2025,501000,Journal Entry - Tx 10163 Line 1,453.15,Debit
TX-10163,01/10/2025,401000,Journal Entry - Tx 10163 Line 2,-453.15,Credit
TX-10164,16/10/2025,101000,Journal Entry - Tx 10164 Line 1,9961.85,Debit
TX-10164,16/10/2025,402000,Journal Entry - Tx 10164 Line 2,-9961.85,Credit
TX-10165,08/08/2025,501000,Journal Entry - Tx 10165 Line 1,2078.71,Debit
TX-10165,08/08/2025,210000,Journal Entry - Tx 10165 Line 2,-2078.71,Credit
TX-10166,26/01/2025,110000,Journal Entry - Tx 10166 Line 1,3939.34,Debit
TX-10166,26/01/2025,210000,Journal Entry - Tx 10166 Line 2,-3939.34,Credit
TX-10167,21/08/2025,501000,Journal Entry - Tx 10167 Line 1,4936.34,Debit
TX-10167,21/08/2025,301000,Journal Entry - Tx 10167 Line 2,-4936.34,Credit
TX-10168,04/08/2025,101000,Journal Entry - Tx 10168 Line 1,3821.46,Debit
TX-10168,04/08/2025,390000,Journal Entry - Tx 10168 Line 2,-3821.46,Credit
TX-10169,10/01/2025,101000,Journal Entry - Tx 10169 Line 1,11247.91,Debit
TX-10169,10/01/2025,301000,Journal Entry - Tx 10169 Line 2,-11247.91,Credit
TX-10170,25/04/2025,610000,Journal Entry - Tx 10170 Line 1,9769.65,Debit
TX-10170,25/04/2025,201000,Journal Entry - Tx 10170 Line 2,-9769.65,Credit
TX-10171,16/01/2025,102001,Journal Entry - Tx 10171 Line 1,14246.7,Debit
TX-10171,16/01/2025,201000,Journal Entry - Tx 10171 Line 2,-14246.7,Credit
TX-10172,15/11/2025,102001,Journal Entry - Tx 10172 Line 1,2328.12,Debit
TX-10172,15/11/2025,390000,Journal Entry - Tx 10172 Line 2,-2328.12,Credit
TX-10173,09/12/2025,102001,Journal Entry - Tx 10173 Line 1,1760.12,Debit
TX-10173,09/12/2025,390000,Journal Entry - Tx 10173 Line 2,-1760.12,Credit
TX-10174,25/12/2025,110000,Journal Entry - Tx 10174 Line 1,3880.84,Debit
TX-10174,25/12/2025,210000,Journal Entry - Tx 10174 Line 2,-3880.84,Credit
TX-10175,07/11/2025,610000,Journal Entry - Tx 10175 Line 1,9128.35,Debit
TX-10175,07/11/2025,402000,Journal Entry - Tx 10175 Line 2,-9128.35,Credit
TX-10176,28/02/2025,102001,Journal Entry - Tx 10176 Line 1,11677.99,Debit
TX-10176,28/02/2025,301000,Journal Entry - Tx 10176 Line 2,-11677.99,Credit
TX-10177,25/02/2025,110000,Journal Entry - Tx 10177 Line 1,8701.34,Debit
TX-10177,25/02/2025,401000,Journal Entry - Tx 10177 Line 2,-8701.34,Credit
TX-10178,13/12/2025,501000,Journal Entry - Tx 10178 Line 1,13624.99,Debit
TX-10178,13/12/2025,390000,Journal Entry - Tx 10178 Line 2,-13624.99,Credit
TX-10179,12/04/2025,610000,Journal Entry - Tx 10179 Line 1,1186.15,Debit
TX-10179,12/04/2025,402000,Journal Entry - Tx 10179 Line 2,-1186.15,Credit
TX-10180,05/05/2025,110000,Journal Entry - Tx 10180 Line 1,1573.42,Debit
TX-10180,05/05/2025,402000,Journal Entry - Tx 10180 Line 2,-1573.42,Credit
TX-10181,04/11/2025,601010,Journal Entry - Tx 10181 Line 1,12092.64,Debit
TX-10181,04/11/2025,201000,Journal Entry - Tx 10181 Line 2,-12092.64,Credit
TX-10182,27/06/2025,610000,Journal Entry - Tx 10182 Line 1,8014.54,Debit
TX-10182,27/06/2025,301000,Journal Entry - Tx 10182 Line 2,-8014.54,Credit
TX-10183,05/02/2025,110000,Journal Entry - Tx 10183 Line 1,7614.11,Debit
TX-10183,05/02/2025,201000,Journal Entry - Tx 10183 Line 2,-7614.11,Credit
TX-10184,04/08/2025,101000,Journal Entry - Tx 10184 Line 1,12343.85,Debit
TX-10184,04/08/2025,390000,Journal Entry - Tx 10184 Line 2,-12343.85,Credit
TX-10185,05/07/2025,501000,Journal Entry - Tx 10185 Line 1,9552,Debit
TX-10185,05/07/2025,402000,Journal Entry - Tx 10185 Line 2,-9552,Credit
TX-10186,20/03/2025,610000,Journal Entry - Tx 10186 Line 1,6560.53,Debit
TX-10186,20/03/2025,401000,Journal Entry - Tx 10186 Line 2,-6560.53,Credit
TX-10187,30/11/2025,601010,Journal Entry - Tx 10187 Line 1,4087.73,Debit
TX-10187,30/11/2025,390000,Journal Entry - Tx 10187 Line 2,-4087.73,Credit
TX-10188,27/08/2025,610000,Journal Entry - Tx 10188 Line 1,6561.84,Debit
TX-10188,27/08/2025,401000,Journal Entry - Tx 10188 Line 2,-6561.84,Credit
TX-10189,18/05/2025,102001,Journal Entry - Tx 10189 Line 1,4868.45,Debit
TX-10189,18/05/2025,201000,Journal Entry - Tx 10189 Line 2,-4868.45,Credit
TX-10190,23/05/2025,102001,Journal Entry - Tx 10190 Line 1,13230.39,Debit
TX-10190,23/05/2025,390000,Journal Entry - Tx 10190 Line 2,-13230.39,Credit
TX-10191,19/10/2025,501000,Journal Entry - Tx 10191 Line 1,9174.46,Debit
TX-10191,19/10/2025,301000,Journal Entry - Tx 10191 Line 2,-9174.46,Credit
TX-10192,15/01/2025,110000,Journal Entry - Tx 10192 Line 1,7439.88,Debit
TX-10192,15/01/2025,210000,Journal Entry - Tx 10192 Line 2,-7439.88,Credit
TX-10193,07/09/2025,110000,Journal Entry - Tx 10193 Line 1,3221.19,Debit
TX-10193,07/09/2025,301000,Journal Entry - Tx 10193 Line 2,-3221.19,Credit
TX-10194,24/05/2025,610000,Journal Entry - Tx 10194 Line 1,13210.78,Debit
TX-10194,24/05/2025,301000,Journal Entry - Tx 10194 Line 2,-13210.78,Credit
TX-10195,12/10/2025,102001,Journal Entry - Tx 10195 Line 1,201.76,Debit
TX-10195,12/10/2025,201000,Journal Entry - Tx 10195 Line 2,-201.76,Credit
TX-10196,04/05/2025,501000,Journal Entry - Tx 10196 Line 1,10815.12,Debit
TX-10196,04/05/2025,401000,Journal Entry - Tx 10196 Line 2,-10815.12,Credit
TX-10197,04/05/2025,610000,Journal Entry - Tx 10197 Line 1,10374.61,Debit
TX-10197,04/05/2025,402000,Journal Entry - Tx 10197 Line 2,-10374.61,Credit
TX-10198,09/09/2025,101000,Journal Entry - Tx 10198 Line 1,6750.21,Debit
TX-10198,09/09/2025,201000,Journal Entry - Tx 10198 Line 2,-6750.21,Credit
TX-10199,31/05/2025,610000,Journal Entry - Tx 10199 Line 1,3362.87,Debit
TX-10199,31/05/2025,210000,Journal Entry - Tx 10199 Line 2,-3362.87,Credit
TX-10200,06/06/2025,110000,Journal Entry - Tx 10200 Line 1,9976.2,Debit
TX-10200,06/06/2025,390000,Journal Entry - Tx 10200 Line 2,-9976.2,Credit
TX-10201,11/10/2025,501000,Journal Entry - Tx 10201 Line 1,7987.28,Debit
TX-10201,11/10/2025,402000,Journal Entry - Tx 10201 Line 2,-7987.28,Credit
TX-10202,09/10/2025,610000,Journal Entry - Tx 10202 Line 1,4995.33,Debit
TX-10202,09/10/2025,390000,Journal Entry - Tx 10202 Line 2,-4995.33,Credit
TX-10203,19/05/2025,102001,Journal Entry - Tx 10203 Line 1,4634.01,Debit
TX-10203,19/05/2025,201000,Journal Entry - Tx 10203 Line 2,-4634.01,Credit
TX-10204,09/04/2025,610000,Journal Entry - Tx 10204 Line 1,4767.44,Debit
TX-10204,09/04/2025,401000,Journal Entry - Tx 10204 Line 2,-4767.44,Credit
TX-10205,20/12/2025,102001,Journal Entry - Tx 10205 Line 1,2817.99,Debit
TX-10205,20/12/2025,402000,Journal Entry - Tx 10205 Line 2,-2817.99,Credit
TX-10206,05/09/2025,601010,Journal Entry - Tx 10206 Line 1,4183.67,Debit
TX-10206,05/09/2025,401000,Journal Entry - Tx 10206 Line 2,-4183.67,Credit
TX-10207,02/11/2025,101000,Journal Entry - Tx 10207 Line 1,4280.83,Debit
TX-10207,02/11/2025,210000,Journal Entry - Tx 10207 Line 2,-4280.83,Credit
TX-10208,01/06/2025,102001,Journal Entry - Tx 10208 Line 1,3450.87,Debit
TX-10208,01/06/2025,301000,Journal Entry - Tx 10208 Line 2,-3450.87,Credit
TX-10209,08/01/2025,102001,Journal Entry - Tx 10209 Line 1,10634.88,Debit
TX-10209,08/01/2025,301000,Journal Entry - Tx 10209 Line 2,-10634.88,Credit
TX-10210,24/01/2025,601010,Journal Entry - Tx 10210 Line 1,14615.71,Debit
TX-10210,24/01/2025,301000,Journal Entry - Tx 10210 Line 2,-14615.71,Credit
TX-10211,24/12/2025,610000,Journal Entry - Tx 10211 Line 1,14164.14,Debit
TX-10211,24/12/2025,390000,Journal Entry - Tx 10211 Line 2,-14164.14,Credit
TX-10212,22/02/2025,601010,Journal Entry - Tx 10212 Line 1,13097.16,Debit
TX-10212,22/02/2025,301000,Journal Entry - Tx 10212 Line 2,-13097.16,Credit
TX-10213,29/08/2025,110000,Journal Entry - Tx 10213 Line 1,7206.78,Debit
TX-10213,29/08/2025,210000,Journal Entry - Tx 10213 Line 2,-7206.78,Credit
TX-10214,27/01/2025,501000,Journal Entry - Tx 10214 Line 1,3824.55,Debit
TX-10214,27/01/2025,201000,Journal Entry - Tx 10214 Line 2,-3824.55,Credit
TX-10215,03/02/2025,101000,Journal Entry - Tx 10215 Line 1,6040.58,Debit
TX-10215,03/02/2025,401000,Journal Entry - Tx 10215 Line 2,-6040.58,Credit
TX-10216,19/11/2025,102001,Journal Entry - Tx 10216 Line 1,10312.44,Debit
TX-10216,19/11/2025,210000,Journal Entry - Tx 10216 Line 2,-10312.44,Credit
TX-10217,16/10/2025,101000,Journal Entry - Tx 10217 Line 1,14239.43,Debit
TX-10217,16/10/2025,210000,Journal Entry - Tx 10217 Line 2,-14239.43,Credit
TX-10218,02/03/2025,501000,Journal Entry - Tx 10218 Line 1,8393.19,Debit
TX-10218,02/03/2025,401000,Journal Entry - Tx 10218 Line 2,-8393.19,Credit
TX-10219,02/11/2025,102001,Journal Entry - Tx 10219 Line 1,11871.58,Debit
TX-10219,02/11/2025,401000,Journal Entry - Tx 10219 Line 2,-11871.58,Credit
TX-10220,14/07/2025,501000,Journal Entry - Tx 10220 Line 1,6785.19,Debit
TX-10220,14/07/2025,301000,Journal Entry - Tx 10220 Line 2,-6785.19,Credit
TX-10221,29/10/2025,110000,Journal Entry - Tx 10221 Line 1,14850.97,Debit
TX-10221,29/10/2025,401000,Journal Entry - Tx 10221 Line 2,-14850.97,Credit
TX-10222,14/11/2025,610000,Journal Entry - Tx 10222 Line 1,950.44,Debit
TX-10222,14/11/2025,201000,Journal Entry - Tx 10222 Line 2,-950.44,Credit
TX-10223,17/04/2025,110000,Journal Entry - Tx 10223 Line 1,9401.45,Debit
TX-10223,17/04/2025,402000,Journal Entry - Tx 10223 Line 2,-9401.45,Credit
TX-10224,11/02/2025,102001,Journal Entry - Tx 10224 Line 1,2398,Debit
TX-10224,11/02/2025,401000,Journal Entry - Tx 10224 Line 2,-2398,Credit
TX-10225,08/02/2025,501000,Journal Entry - Tx 10225 Line 1,2390.16,Debit
TX-10225,08/02/2025,390000,Journal Entry - Tx 10225 Line 2,-2390.16,Credit
TX-10226,19/12/2025,110000,Journal Entry - Tx 10226 Line 1,8927.48,Debit
TX-10226,19/12/2025,201000,Journal Entry - Tx 10226 Line 2,-8927.48,Credit
TX-10227,29/04/2025,110000,Journal Entry - Tx 10227 Line 1,4357.17,Debit
TX-10227,29/04/2025,402000,Journal Entry - Tx 10227 Line 2,-4357.17,Credit
TX-10228,21/08/2025,102001,Journal Entry - Tx 10228 Line 1,1114.14,Debit
TX-10228,21/08/2025,301000,Journal Entry - Tx 10228 Line 2,-1114.14,Credit
TX-10229,17/11/2025,102001,Journal Entry - Tx 10229 Line 1,8867.35,Debit
TX-10229,17/11/2025,390000,Journal Entry - Tx 10229 Line 2,-8867.35,Credit
TX-10230,28/02/2025,610000,Journal Entry - Tx 10230 Line 1,8191.21,Debit
TX-10230,28/02/2025,210000,Journal Entry - Tx 10230 Line 2,-8191.21,Credit
TX-10231,17/05/2025,101000,Journal Entry - Tx 10231 Line 1,12408.14,Debit
TX-10231,17/05/2025,201000,Journal Entry - Tx 10231 Line 2,-12408.14,Credit
TX-10232,26/03/2025,601010,Journal Entry - Tx 10232 Line 1,11899.8,Debit
TX-10232,26/03/2025,402000,Journal Entry - Tx 10232 Line 2,-11899.8,Credit
TX-10233,19/10/2025,501000,Journal Entry - Tx 10233 Line 1,13821.83,Debit
TX-10233,19/10/2025,201000,Journal Entry - Tx 10233 Line 2,-13821.83,Credit
TX-10234,28/08/2025,610000,Journal Entry - Tx 10234 Line 1,10345.74,Debit
TX-10234,28/08/2025,390000,Journal Entry - Tx 10234 Line 2,-10345.74,Credit
TX-10235,20/05/2025,501000,Journal Entry - Tx 10235 Line 1,7532.06,Debit
TX-10235,20/05/2025,390000,Journal Entry - Tx 10235 Line 2,-7532.06,Credit
TX-10236,11/02/2025,501000,Journal Entry - Tx 10236 Line 1,8990.65,Debit
TX-10236,11/02/2025,402000,Journal Entry - Tx 10236 Line 2,-8990.65,Credit
TX-10237,15/06/2025,101000,Journal Entry - Tx 10237 Line 1,9075.52,Debit
TX-10237,15/06/2025,201000,Journal Entry - Tx 10237 Line 2,-9075.52,Credit
TX-10238,28/04/2025,601010,Journal Entry - Tx 10238 Line 1,14430.57,Debit
TX-10238,28/04/2025,401000,Journal Entry - Tx 10238 Line 2,-14430.57,Credit
TX-10239,11/01/2025,610000,Journal Entry - Tx 10239 Line 1,14993.61,Debit
TX-10239,11/01/2025,301000,Journal Entry - Tx 10239 Line 2,-14993.61,Credit
TX-10240,23/10/2025,102001,Journal Entry - Tx 10240 Line 1,651.46,Debit
TX-10240,23/10/2025,390000,Journal Entry - Tx 10240 Line 2,-651.46,Credit
TX-10241,23/09/2025,110000,Journal Entry - Tx 10241 Line 1,9790.07,Debit
TX-10241,23/09/2025,210000,Journal Entry - Tx 10241 Line 2,-9790.07,Credit
TX-10242,27/10/2025,501000,Journal Entry - Tx 10242 Line 1,6566.48,Debit
TX-10242,27/10/2025,201000,Journal Entry - Tx 10242 Line 2,-6566.48,Credit
TX-10243,29/08/2025,110000,Journal Entry - Tx 10243 Line 1,5252.02,Debit
TX-10243,29/08/2025,301000,Journal Entry - Tx 10243 Line 2,-5252.02,Credit
TX-10244,10/12/2025,102001,Journal Entry - Tx 10244 Line 1,1613.77,Debit
TX-10244,10/12/2025,301000,Journal Entry - Tx 10244 Line 2,-1613.77,Credit
TX-10245,30/07/2025,110000,Journal Entry - Tx 10245 Line 1,10420.42,Debit
TX-10245,30/07/2025,402000,Journal Entry - Tx 10245 Line 2,-10420.42,Credit
TX-10246,25/07/2025,601010,Journal Entry - Tx 10246 Line 1,12212.81,Debit
TX-10246,25/07/2025,201000,Journal Entry - Tx 10246 Line 2,-12212.81,Credit
TX-10247,21/08/2025,110000,Journal Entry - Tx 10247 Line 1,1366.49,Debit
TX-10247,21/08/2025,301000,Journal Entry - Tx 10247 Line 2,-1366.49,Credit
TX-10248,01/03/2025,501000,Journal Entry - Tx 10248 Line 1,14554.26,Debit
TX-10248,01/03/2025,401000,Journal Entry - Tx 10248 Line 2,-14554.26,Credit
TX-10249,01/01/2025,601010,Journal Entry - Tx 10249 Line 1,9882.02,Debit
TX-10249,01/01/2025,390000,Journal Entry - Tx 10249 Line 2,-9882.02,Credit
TX-10250,31/07/2025,601010,Journal Entry - Tx 10250 Line 1,860.35,Debit
TX-10250,31/07/2025,301000,Journal Entry - Tx 10250 Line 2,-860.35,Credit
TX-10251,15/11/2025,610000,Journal Entry - Tx 10251 Line 1,11358.83,Debit
TX-10251,15/11/2025,390000,Journal Entry - Tx 10251 Line 2,-11358.83,Credit
TX-10252,27/01/2025,601010,Journal Entry - Tx 10252 Line 1,3093.2,Debit
TX-10252,27/01/2025,210000,Journal Entry - Tx 10252 Line 2,-3093.2,Credit
TX-10253,28/05/2025,610000,Journal Entry - Tx 10253 Line 1,6599.84,Debit
TX-10253,28/05/2025,390000,Journal Entry - Tx 10253 Line 2,-6599.84,Credit
TX-10254,04/03/2025,610000,Journal Entry - Tx 10254 Line 1,481.6,Debit
TX-10254,04/03/2025,401000,Journal Entry - Tx 10254 Line 2,-481.6,Credit
TX-10255,03/05/2025,110000,Journal Entry - Tx 10255 Line 1,10661.25,Debit
TX-10255,03/05/2025,401000,Journal Entry - Tx 10255 Line 2,-10661.25,Credit
TX-10256,08/01/2025,101000,Journal Entry - Tx 10256 Line 1,8306.16,Debit
TX-10256,08/01/2025,210000,Journal Entry - Tx 10256 Line 2,-8306.16,Credit
TX-10257,28/02/2025,101000,Journal Entry - Tx 10257 Line 1,6948.65,Debit
TX-10257,28/02/2025,402000,Journal Entry - Tx 10257 Line 2,-6948.65,Credit
TX-10258,20/03/2025,610000,Journal Entry - Tx 10258 Line 1,7500.71,Debit
TX-10258,20/03/2025,301000,Journal Entry - Tx 10258 Line 2,-7500.71,Credit
TX-10259,18/09/2025,501000,Journal Entry - Tx 10259 Line 1,10595.9,Debit
TX-10259,18/09/2025,390000,Journal Entry - Tx 10259 Line 2,-10595.9,Credit
TX-10260,30/08/2025,601010,Journal Entry - Tx 10260 Line 1,3693.78,Debit
TX-10260,30/08/2025,210000,Journal Entry - Tx 10260 Line 2,-3693.78,Credit
TX-10261,16/07/2025,601010,Journal Entry - Tx 10261 Line 1,2899.63,Debit
TX-10261,16/07/2025,401000,Journal Entry - Tx 10261 Line 2,-2899.63,Credit
TX-10262,11/03/2025,110000,Journal Entry - Tx 10262 Line 1,12967.2,Debit
TX-10262,11/03/2025,390000,Journal Entry - Tx 10262 Line 2,-12967.2,Credit
TX-10263,24/06/2025,601010,Journal Entry - Tx 10263 Line 1,14017.01,Debit
TX-10263,24/06/2025,301000,Journal Entry - Tx 10263 Line 2,-14017.01,Credit
TX-10264,02/01/2025,110000,Journal Entry - Tx 10264 Line 1,4278.44,Debit
TX-10264,02/01/2025,401000,Journal Entry - Tx 10264 Line 2,-4278.44,Credit
TX-10265,24/10/2025,501000,Journal Entry - Tx 10265 Line 1,14983.59,Debit
TX-10265,24/10/2025,210000,Journal Entry - Tx 10265 Line 2,-14983.59,Credit
TX-10266,17/08/2025,110000,Journal Entry - Tx 10266 Line 1,8101.78,Debit
TX-10266,17/08/2025,301000,Journal Entry - Tx 10266 Line 2,-8101.78,Credit
TX-10267,10/10/2025,501000,Journal Entry - Tx 10267 Line 1,11454.95,Debit
TX-10267,10/10/2025,390000,Journal Entry - Tx 10267 Line 2,-11454.95,Credit
TX-10268,14/06/2025,610000,Journal Entry - Tx 10268 Line 1,13050.55,Debit
TX-10268,14/06/2025,210000,Journal Entry - Tx 10268 Line 2,-13050.55,Credit
TX-10269,20/10/2025,501000,Journal Entry - Tx 10269 Line 1,5775.41,Debit
TX-10269,20/10/2025,201000,Journal Entry - Tx 10269 Line 2,-5775.41,Credit
TX-10270,12/06/2025,610000,Journal Entry - Tx 10270 Line 1,11183.34,Debit
TX-10270,12/06/2025,390000,Journal Entry - Tx 10270 Line 2,-11183.34,Credit
TX-10271,17/07/2025,610000,Journal Entry - Tx 10271 Line 1,14826.79,Debit
TX-10271,17/07/2025,210000,Journal Entry - Tx 10271 Line 2,-14826.79,Credit
TX-10272,11/09/2025,102001,Journal Entry - Tx 10272 Line 1,14474.13,Debit
TX-10272,11/09/2025,401000,Journal Entry - Tx 10272 Line 2,-14474.13,Credit
TX-10273,30/10/2025,101000,Journal Entry - Tx 10273 Line 1,5013.32,Debit
TX-10273,30/10/2025,390000,Journal Entry - Tx 10273 Line 2,-5013.32,Credit
TX-10274,21/02/2025,501000,Journal Entry - Tx 10274 Line 1,7912.97,Debit
TX-10274,21/02/2025,201000,Journal Entry - Tx 10274 Line 2,-7912.97,Credit
TX-10275,15/03/2025,610000,Journal Entry - Tx 10275 Line 1,6179.18,Debit
TX-10275,15/03/2025,210000,Journal Entry - Tx 10275 Line 2,-6179.18,Credit
TX-10276,08/02/2025,110000,Journal Entry - Tx 10276 Line 1,7068.88,Debit
TX-10276,08/02/2025,301000,Journal Entry - Tx 10276 Line 2,-7068.88,Credit
TX-10277,16/11/2025,610000,Journal Entry - Tx 10277 Line 1,10405.93,Debit
TX-10277,16/11/2025,201000,Journal Entry - Tx 10277 Line 2,-10405.93,Credit
TX-10278,18/06/2025,601010,Journal Entry - Tx 10278 Line 1,12792.5,Debit
TX-10278,18/06/2025,390000,Journal Entry - Tx 10278 Line 2,-12792.5,Credit
TX-10279,12/06/2025,501000,Journal Entry - Tx 10279 Line 1,9420.65,Debit
TX-10279,12/06/2025,401000,Journal Entry - Tx 10279 Line 2,-9420.65,Credit
TX-10280,19/01/2025,102001,Journal Entry - Tx 10280 Line 1,9281.02,Debit
TX-10280,19/01/2025,402000,Journal Entry - Tx 10280 Line 2,-9281.02,Credit
TX-10281,17/12/2025,102001,Journal Entry - Tx 10281 Line 1,13817.89,Debit
TX-10281,17/12/2025,402000,Journal Entry - Tx 10281 Line 2,-13817.89,Credit
TX-10282,16/02/2025,101000,Journal Entry - Tx 10282 Line 1,6537.87,Debit
TX-10282,16/02/2025,402000,Journal Entry - Tx 10282 Line 2,-6537.87,Credit
TX-10283,27/12/2025,501000,Journal Entry - Tx 10283 Line 1,13095.06,Debit
TX-10283,27/12/2025,210000,Journal Entry - Tx 10283 Line 2,-13095.06,Credit
TX-10284,22/12/2025,101000,Journal Entry - Tx 10284 Line 1,4527.02,Debit
TX-10284,22/12/2025,201000,Journal Entry - Tx 10284 Line 2,-4527.02,Credit
TX-10285,16/06/2025,110000,Journal Entry - Tx 10285 Line 1,11952.34,Debit
TX-10285,16/06/2025,301000,Journal Entry - Tx 10285 Line 2,-11952.34,Credit
TX-10286,11/07/2025,102001,Journal Entry - Tx 10286 Line 1,6488.77,Debit
TX-10286,11/07/2025,401000,Journal Entry - Tx 10286 Line 2,-6488.77,Credit
TX-10287,30/07/2025,102001,Journal Entry - Tx 10287 Line 1,8510.62,Debit
TX-10287,30/07/2025,210000,Journal Entry - Tx 10287 Line 2,-8510.62,Credit
TX-10288,31/03/2025,501000,Journal Entry - Tx 10288 Line 1,1230.58,Debit
TX-10288,31/03/2025,401000,Journal Entry - Tx 10288 Line 2,-1230.58,Credit
TX-10289,16/12/2025,601010,Journal Entry - Tx 10289 Line 1,3650.41,Debit
TX-10289,16/12/2025,210000,Journal Entry - Tx 10289 Line 2,-3650.41,Credit
TX-10290,29/04/2025,110000,Journal Entry - Tx 10290 Line 1,6944.19,Debit
TX-10290,29/04/2025,390000,Journal Entry - Tx 10290 Line 2,-6944.19,Credit
TX-10291,11/05/2025,501000,Journal Entry - Tx 10291 Line 1,10019.27,Debit
TX-10291,11/05/2025,301000,Journal Entry - Tx 10291 Line 2,-10019.27,Credit
TX-10292,13/12/2025,101000,Journal Entry - Tx 10292 Line 1,8221.64,Debit
TX-10292,13/12/2025,390000,Journal Entry - Tx 10292 Line 2,-8221.64,Credit
TX-10293,26/06/2025,110000,Journal Entry - Tx 10293 Line 1,14815.39,Debit
TX-10293,26/06/2025,402000,Journal Entry - Tx 10293 Line 2,-14815.39,Credit
TX-10294,06/08/2025,501000,Journal Entry - Tx 10294 Line 1,10370.19,Debit
TX-10294,06/08/2025,301000,Journal Entry - Tx 10294 Line 2,-10370.19,Credit
TX-10295,12/04/2025,501000,Journal Entry - Tx 10295 Line 1,14990.63,Debit
TX-10295,12/04/2025,201000,Journal Entry - Tx 10295 Line 2,-14990.63,Credit
TX-10296,02/05/2025,110000,Journal Entry - Tx 10296 Line 1,5751.4,Debit
TX-10296,02/05/2025,401000,Journal Entry - Tx 10296 Line 2,-5751.4,Credit
TX-10297,01/06/2025,110000,Journal Entry - Tx 10297 Line 1,14890.75,Debit
TX-10297,01/06/2025,201000,Journal Entry - Tx 10297 Line 2,-14890.75,Credit
TX-10298,04/12/2025,101000,Journal Entry - Tx 10298 Line 1,5967.3,Debit
TX-10298,04/12/2025,401000,Journal Entry - Tx 10298 Line 2,-5967.3,Credit
TX-10299,18/12/2025,101000,Journal Entry - Tx 10299 Line 1,11685.76,Debit
TX-10299,18/12/2025,401000,Journal Entry - Tx 10299 Line 2,-11685.76,Credit
TX-10300,12/09/2025,110000,Journal Entry - Tx 10300 Line 1,12500.94,Debit
TX-10300,12/09/2025,210000,Journal Entry - Tx 10300 Line 2,-12500.94,Credit
TX-10301,07/11/2025,102001,Journal Entry - Tx 10301 Line 1,12038.88,Debit
TX-10301,07/11/2025,402000,Journal Entry - Tx 10301 Line 2,-12038.88,Credit
TX-10302,08/04/2025,610000,Journal Entry - Tx 10302 Line 1,9332.32,Debit
TX-10302,08/04/2025,402000,Journal Entry - Tx 10302 Line 2,-9332.32,Credit
TX-10303,04/12/2025,102001,Journal Entry - Tx 10303 Line 1,10228.78,Debit
TX-10303,04/12/2025,402000,Journal Entry - Tx 10303 Line 2,-10228.78,Credit
TX-10304,19/02/2025,610000,Journal Entry - Tx 10304 Line 1,13555.89,Debit
TX-10304,19/02/2025,201000,Journal Entry - Tx 10304 Line 2,-13555.89,Credit
TX-10305,08/06/2025,101000,Journal Entry - Tx 10305 Line 1,11839.73,Debit
TX-10305,08/06/2025,401000,Journal Entry - Tx 10305 Line 2,-11839.73,Credit
TX-10306,06/07/2025,101000,Journal Entry - Tx 10306 Line 1,10998.78,Debit
TX-10306,06/07/2025,301000,Journal Entry - Tx 10306 Line 2,-10998.78,Credit
TX-10307,17/06/2025,102001,Journal Entry - Tx 10307 Line 1,11224.84,Debit
TX-10307,17/06/2025,210000,Journal Entry - Tx 10307 Line 2,-11224.84,Credit
TX-10308,09/03/2025,110000,Journal Entry - Tx 10308 Line 1,11808.37,Debit
TX-10308,09/03/2025,401000,Journal Entry - Tx 10308 Line 2,-11808.37,Credit
TX-10309,14/09/2025,102001,Journal Entry - Tx 10309 Line 1,13706.63,Debit
TX-10309,14/09/2025,301000,Journal Entry - Tx 10309 Line 2,-13706.63,Credit
TX-10310,04/09/2025,110000,Journal Entry - Tx 10310 Line 1,14512.39,Debit
TX-10310,04/09/2025,402000,Journal Entry - Tx 10310 Line 2,-14512.39,Credit
TX-10311,23/06/2025,501000,Journal Entry - Tx 10311 Line 1,12073.28,Debit
TX-10311,23/06/2025,201000,Journal Entry - Tx 10311 Line 2,-12073.28,Credit
TX-10312,14/03/2025,102001,Journal Entry - Tx 10312 Line 1,11324.56,Debit
TX-10312,14/03/2025,402000,Journal Entry - Tx 10312 Line 2,-11324.56,Credit
TX-10313,12/12/2025,601010,Journal Entry - Tx 10313 Line 1,14700.14,Debit
TX-10313,12/12/2025,301000,Journal Entry - Tx 10313 Line 2,-14700.14,Credit
TX-10314,16/02/2025,101000,Journal Entry - Tx 10314 Line 1,11870.7,Debit
TX-10314,16/02/2025,301000,Journal Entry - Tx 10314 Line 2,-11870.7,Credit
TX-10315,02/10/2025,110000,Journal Entry - Tx 10315 Line 1,1897.65,Debit
TX-10315,02/10/2025,402000,Journal Entry - Tx 10315 Line 2,-1897.65,Credit
TX-10316,11/12/2025,501000,Journal Entry - Tx 10316 Line 1,3969.31,Debit
TX-10316,11/12/2025,402000,Journal Entry - Tx 10316 Line 2,-3969.31,Credit
TX-10317,10/07/2025,102001,Journal Entry - Tx 10317 Line 1,1669.77,Debit
TX-10317,10/07/2025,390000,Journal Entry - Tx 10317 Line 2,-1669.77,Credit
TX-10318,13/01/2025,601010,Journal Entry - Tx 10318 Line 1,9312.23,Debit
TX-10318,13/01/2025,301000,Journal Entry - Tx 10318 Line 2,-9312.23,Credit
TX-10319,09/11/2025,101000,Journal Entry - Tx 10319 Line 1,3359.44,Debit
TX-10319,09/11/2025,402000,Journal Entry - Tx 10319 Line 2,-3359.44,Credit
TX-10320,26/08/2025,110000,Journal Entry - Tx 10320 Line 1,13645.35,Debit
TX-10320,26/08/2025,402000,Journal Entry - Tx 10320 Line 2,-13645.35,Credit
TX-10321,29/07/2025,101000,Journal Entry - Tx 10321 Line 1,1794.31,Debit
TX-10321,29/07/2025,201000,Journal Entry - Tx 10321 Line 2,-1794.31,Credit
TX-10322,05/06/2025,101000,Journal Entry - Tx 10322 Line 1,14939.11,Debit
TX-10322,05/06/2025,201000,Journal Entry - Tx 10322 Line 2,-14939.11,Credit
TX-10323,01/05/2025,102001,Journal Entry - Tx 10323 Line 1,13314.53,Debit
TX-10323,01/05/2025,390000,Journal Entry - Tx 10323 Line 2,-13314.53,Credit
TX-10324,21/08/2025,610000,Journal Entry - Tx 10324 Line 1,5596.62,Debit
TX-10324,21/08/2025,402000,Journal Entry - Tx 10324 Line 2,-5596.62,Credit
TX-10325,04/10/2025,610000,Journal Entry - Tx 10325 Line 1,6315.94,Debit
TX-10325,04/10/2025,402000,Journal Entry - Tx 10325 Line 2,-6315.94,Credit
TX-10326,21/03/2025,610000,Journal Entry - Tx 10326 Line 1,13286.94,Debit
TX-10326,21/03/2025,201000,Journal Entry - Tx 10326 Line 2,-13286.94,Credit
TX-10327,08/09/2025,110000,Journal Entry - Tx 10327 Line 1,9254,Debit
TX-10327,08/09/2025,201000,Journal Entry - Tx 10327 Line 2,-9254,Credit
TX-10328,20/12/2025,501000,Journal Entry - Tx 10328 Line 1,5589.42,Debit
TX-10328,20/12/2025,390000,Journal Entry - Tx 10328 Line 2,-5589.42,Credit
TX-10329,01/05/2025,101000,Journal Entry - Tx 10329 Line 1,12838.98,Debit
TX-10329,01/05/2025,402000,Journal Entry - Tx 10329 Line 2,-12838.98,Credit
TX-10330,08/07/2025,610000,Journal Entry - Tx 10330 Line 1,8189.76,Debit
TX-10330,08/07/2025,301000,Journal Entry - Tx 10330 Line 2,-8189.76,Credit
TX-10331,01/02/2025,102001,Journal Entry - Tx 10331 Line 1,6002.19,Debit
TX-10331,01/02/2025,201000,Journal Entry - Tx 10331 Line 2,-6002.19,Credit
TX-10332,21/08/2025,102001,Journal Entry - Tx 10332 Line 1,1420.52,Debit
TX-10332,21/08/2025,402000,Journal Entry - Tx 10332 Line 2,-1420.52,Credit
TX-10333,24/11/2025,101000,Journal Entry - Tx 10333 Line 1,8977.33,Debit
TX-10333,24/11/2025,201000,Journal Entry - Tx 10333 Line 2,-8977.33,Credit
TX-10334,20/06/2025,102001,Journal Entry - Tx 10334 Line 1,3691.36,Debit
TX-10334,20/06/2025,401000,Journal Entry - Tx 10334 Line 2,-3691.36,Credit
TX-10335,16/04/2025,601010,Journal Entry - Tx 10335 Line 1,1075.72,Debit
TX-10335,16/04/2025,210000,Journal Entry - Tx 10335 Line 2,-1075.72,Credit
TX-10336,28/10/2025,102001,Journal Entry - Tx 10336 Line 1,3278.47,Debit
TX-10336,28/10/2025,301000,Journal Entry - Tx 10336 Line 2,-3278.47,Credit
TX-10337,17/03/2025,601010,Journal Entry - Tx 10337 Line 1,11840.22,Debit
TX-10337,17/03/2025,201000,Journal Entry - Tx 10337 Line 2,-11840.22,Credit
TX-10338,22/05/2025,102001,Journal Entry - Tx 10338 Line 1,12883.17,Debit
TX-10338,22/05/2025,210000,Journal Entry - Tx 10338 Line 2,-12883.17,Credit
TX-10339,04/10/2025,102001,Journal Entry - Tx 10339 Line 1,3797.28,Debit
TX-10339,04/10/2025,201000,Journal Entry - Tx 10339 Line 2,-3797.28,Credit
TX-10340,05/12/2025,102001,Journal Entry - Tx 10340 Line 1,13003.4,Debit
TX-10340,05/12/2025,201000,Journal Entry - Tx 10340 Line 2,-13003.4,Credit
TX-10341,03/07/2025,102001,Journal Entry - Tx 10341 Line 1,11860.27,Debit
TX-10341,03/07/2025,401000,Journal Entry - Tx 10341 Line 2,-11860.27,Credit
TX-10342,15/06/2025,110000,Journal Entry - Tx 10342 Line 1,285.93,Debit
TX-10342,15/06/2025,201000,Journal Entry - Tx 10342 Line 2,-285.93,Credit
TX-10343,06/03/2025,601010,Journal Entry - Tx 10343 Line 1,11138.68,Debit
TX-10343,06/03/2025,201000,Journal Entry - Tx 10343 Line 2,-11138.68,Credit
TX-10344,02/02/2025,110000,Journal Entry - Tx 10344 Line 1,7169.88,Debit
TX-10344,02/02/2025,401000,Journal Entry - Tx 10344 Line 2,-7169.88,Credit
TX-10345,31/10/2025,601010,Journal Entry - Tx 10345 Line 1,1680.36,Debit
TX-10345,31/10/2025,210000,Journal Entry - Tx 10345 Line 2,-1680.36,Credit
TX-10346,11/11/2025,610000,Journal Entry - Tx 10346 Line 1,698.31,Debit
TX-10346,11/11/2025,401000,Journal Entry - Tx 10346 Line 2,-698.31,Credit
TX-10347,04/06/2025,101000,Journal Entry - Tx 10347 Line 1,6897.74,Debit
TX-10347,04/06/2025,201000,Journal Entry - Tx 10347 Line 2,-6897.74,Credit
TX-10348,03/09/2025,501000,Journal Entry - Tx 10348 Line 1,12717.11,Debit
TX-10348,03/09/2025,402000,Journal Entry - Tx 10348 Line 2,-12717.11,Credit
TX-10349,25/02/2025,501000,Journal Entry - Tx 10349 Line 1,7379.52,Debit
TX-10349,25/02/2025,201000,Journal Entry - Tx 10349 Line 2,-7379.52,Credit
TX-10350,11/02/2025,102001,Journal Entry - Tx 10350 Line 1,4865.57,Debit
TX-10350,11/02/2025,201000,Journal Entry - Tx 10350 Line 2,-4865.57,Credit
TX-10351,06/03/2025,610000,Journal Entry - Tx 10351 Line 1,4161.49,Debit
TX-10351,06/03/2025,401000,Journal Entry - Tx 10351 Line 2,-4161.49,Credit
TX-10352,08/10/2025,501000,Journal Entry - Tx 10352 Line 1,10696.68,Debit
TX-10352,08/10/2025,401000,Journal Entry - Tx 10352 Line 2,-10696.68,Credit
TX-10353,29/09/2025,601010,Journal Entry - Tx 10353 Line 1,4458.72,Debit
TX-10353,29/09/2025,401000,Journal Entry - Tx 10353 Line 2,-4458.72,Credit
TX-10354,09/08/2025,610000,Journal Entry - Tx 10354 Line 1,1532.72,Debit
TX-10354,09/08/2025,201000,Journal Entry - Tx 10354 Line 2,-1532.72,Credit
TX-10355,02/12/2025,601010,Journal Entry - Tx 10355 Line 1,9781.2,Debit
TX-10355,02/12/2025,402000,Journal Entry - Tx 10355 Line 2,-9781.2,Credit
TX-10356,21/04/2025,102001,Journal Entry - Tx 10356 Line 1,6479.55,Debit
TX-10356,21/04/2025,390000,Journal Entry - Tx 10356 Line 2,-6479.55,Credit
TX-10357,23/06/2025,501000,Journal Entry - Tx 10357 Line 1,12419.92,Debit
TX-10357,23/06/2025,390000,Journal Entry - Tx 10357 Line 2,-12419.92,Credit
TX-10358,18/02/2025,110000,Journal Entry - Tx 10358 Line 1,4722.6,Debit
TX-10358,18/02/2025,402000,Journal Entry - Tx 10358 Line 2,-4722.6,Credit
TX-10359,11/05/2025,102001,Journal Entry - Tx 10359 Line 1,5645.8,Debit
TX-10359,11/05/2025,402000,Journal Entry - Tx 10359 Line 2,-5645.8,Credit
TX-10360,31/08/2025,101000,Journal Entry - Tx 10360 Line 1,1053.64,Debit
TX-10360,31/08/2025,201000,Journal Entry - Tx 10360 Line 2,-1053.64,Credit
TX-10361,10/08/2025,610000,Journal Entry - Tx 10361 Line 1,1493.64,Debit
TX-10361,10/08/2025,301000,Journal Entry - Tx 10361 Line 2,-1493.64,Credit
TX-10362,08/03/2025,601010,Journal Entry - Tx 10362 Line 1,8367.74,Debit
TX-10362,08/03/2025,401000,Journal Entry - Tx 10362 Line 2,-8367.74,Credit
TX-10363,15/10/2025,101000,Journal Entry - Tx 10363 Line 1,4978.21,Debit
TX-10363,15/10/2025,390000,Journal Entry - Tx 10363 Line 2,-4978.21,Credit
TX-10364,01/07/2025,501000,Journal Entry - Tx 10364 Line 1,13110.43,Debit
TX-10364,01/07/2025,402000,Journal Entry - Tx 10364 Line 2,-13110.43,Credit
TX-10365,27/01/2025,601010,Journal Entry - Tx 10365 Line 1,14527.56,Debit
TX-10365,27/01/2025,301000,Journal Entry - Tx 10365 Line 2,-14527.56,Credit
TX-10366,30/06/2025,601010,Journal Entry - Tx 10366 Line 1,1598.83,Debit
TX-10366,30/06/2025,210000,Journal Entry - Tx 10366 Line 2,-1598.83,Credit
TX-10367,21/03/2025,102001,Journal Entry - Tx 10367 Line 1,9868.21,Debit
TX-10367,21/03/2025,201000,Journal Entry - Tx 10367 Line 2,-9868.21,Credit
TX-10368,29/06/2025,110000,Journal Entry - Tx 10368 Line 1,12688.33,Debit
TX-10368,29/06/2025,201000,Journal Entry - Tx 10368 Line 2,-12688.33,Credit
TX-10369,23/05/2025,501000,Journal Entry - Tx 10369 Line 1,8632.8,Debit
TX-10369,23/05/2025,401000,Journal Entry - Tx 10369 Line 2,-8632.8,Credit
TX-10370,15/11/2025,610000,Journal Entry - Tx 10370 Line 1,9222.92,Debit
TX-10370,15/11/2025,401000,Journal Entry - Tx 10370 Line 2,-9222.92,Credit
TX-10371,14/01/2025,610000,Journal Entry - Tx 10371 Line 1,9154.47,Debit
TX-10371,14/01/2025,402000,Journal Entry - Tx 10371 Line 2,-9154.47,Credit
TX-10372,17/05/2025,110000,Journal Entry - Tx 10372 Line 1,482.85,Debit
TX-10372,17/05/2025,402000,Journal Entry - Tx 10372 Line 2,-482.85,Credit
TX-10373,08/06/2025,110000,Journal Entry - Tx 10373 Line 1,13826.99,Debit
TX-10373,08/06/2025,201000,Journal Entry - Tx 10373 Line 2,-13826.99,Credit
TX-10374,03/04/2025,601010,Journal Entry - Tx 10374 Line 1,13054.45,Debit
TX-10374,03/04/2025,402000,Journal Entry - Tx 10374 Line 2,-13054.45,Credit
TX-10375,25/07/2025,610000,Journal Entry - Tx 10375 Line 1,1090.3,Debit
TX-10375,25/07/2025,402000,Journal Entry - Tx 10375 Line 2,-1090.3,Credit
TX-10376,16/01/2025,601010,Journal Entry - Tx 10376 Line 1,1421.78,Debit
TX-10376,16/01/2025,210000,Journal Entry - Tx 10376 Line 2,-1421.78,Credit
TX-10377,12/07/2025,110000,Journal Entry - Tx 10377 Line 1,6326.5,Debit
TX-10377,12/07/2025,210000,Journal Entry - Tx 10377 Line 2,-6326.5,Credit
TX-10378,09/07/2025,110000,Journal Entry - Tx 10378 Line 1,4708.98,Debit
TX-10378,09/07/2025,401000,Journal Entry - Tx 10378 Line 2,-4708.98,Credit
TX-10379,02/11/2025,101000,Journal Entry - Tx 10379 Line 1,1320.11,Debit
TX-10379,02/11/2025,210000,Journal Entry - Tx 10379 Line 2,-1320.11,Credit
TX-10380,22/03/2025,101000,Journal Entry - Tx 10380 Line 1,11328.82,Debit
TX-10380,22/03/2025,402000,Journal Entry - Tx 10380 Line 2,-11328.82,Credit
TX-10381,11/02/2025,610000,Journal Entry - Tx 10381 Line 1,4117.94,Debit
TX-10381,11/02/2025,390000,Journal Entry - Tx 10381 Line 2,-4117.94,Credit
TX-10382,06/09/2025,501000,Journal Entry - Tx 10382 Line 1,9125.79,Debit
TX-10382,06/09/2025,301000,Journal Entry - Tx 10382 Line 2,-9125.79,Credit
TX-10383,21/04/2025,101000,Journal Entry - Tx 10383 Line 1,11336.4,Debit
TX-10383,21/04/2025,301000,Journal Entry - Tx 10383 Line 2,-11336.4,Credit
TX-10384,09/08/2025,610000,Journal Entry - Tx 10384 Line 1,1707.8,Debit
TX-10384,09/08/2025,402000,Journal Entry - Tx 10384 Line 2,-1707.8,Credit
TX-10385,31/10/2025,610000,Journal Entry - Tx 10385 Line 1,7325.16,Debit
TX-10385,31/10/2025,301000,Journal Entry - Tx 10385 Line 2,-7325.16,Credit
TX-10386,24/01/2025,601010,Journal Entry - Tx 10386 Line 1,3346.75,Debit
TX-10386,24/01/2025,201000,Journal Entry - Tx 10386 Line 2,-3346.75,Credit
TX-10387,04/01/2025,102001,Journal Entry - Tx 10387 Line 1,3106.13,Debit
TX-10387,04/01/2025,210000,Journal Entry - Tx 10387 Line 2,-3106.13,Credit
TX-10388,11/05/2025,101000,Journal Entry - Tx 10388 Line 1,4377.23,Debit
TX-10388,11/05/2025,201000,Journal Entry - Tx 10388 Line 2,-4377.23,Credit
TX-10389,12/09/2025,102001,Journal Entry - Tx 10389 Line 1,11217.86,Debit
TX-10389,12/09/2025,210000,Journal Entry - Tx 10389 Line 2,-11217.86,Credit
TX-10390,14/07/2025,102001,Journal Entry - Tx 10390 Line 1,8012.11,Debit
TX-10390,14/07/2025,401000,Journal Entry - Tx 10390 Line 2,-8012.11,Credit
TX-10391,14/10/2025,110000,Journal Entry - Tx 10391 Line 1,12508.65,Debit
TX-10391,14/10/2025,201000,Journal Entry - Tx 10391 Line 2,-12508.65,Credit
TX-10392,23/07/2025,101000,Journal Entry - Tx 10392 Line 1,12933.38,Debit
TX-10392,23/07/2025,390000,Journal Entry - Tx 10392 Line 2,-12933.38,Credit
TX-10393,10/01/2025,101000,Journal Entry - Tx 10393 Line 1,6923.33,Debit
TX-10393,10/01/2025,301000,Journal Entry - Tx 10393 Line 2,-6923.33,Credit
TX-10394,22/10/2025,501000,Journal Entry - Tx 10394 Line 1,6467.8,Debit
TX-10394,22/10/2025,402000,Journal Entry - Tx 10394 Line 2,-6467.8,Credit
TX-10395,24/11/2025,101000,Journal Entry - Tx 10395 Line 1,6294.52,Debit
TX-10395,24/11/2025,390000,Journal Entry - Tx 10395 Line 2,-6294.52,Credit
TX-10396,11/01/2025,102001,Journal Entry - Tx 10396 Line 1,14494.69,Debit
TX-10396,11/01/2025,401000,Journal Entry - Tx 10396 Line 2,-14494.69,Credit
TX-10397,24/08/2025,110000,Journal Entry - Tx 10397 Line 1,12488.79,Debit
TX-10397,24/08/2025,201000,Journal Entry - Tx 10397 Line 2,-12488.79,Credit
TX-10398,12/08/2025,102001,Journal Entry - Tx 10398 Line 1,12675.04,Debit
TX-10398,12/08/2025,390000,Journal Entry - Tx 10398 Line 2,-12675.04,Credit
TX-10399,29/10/2025,101000,Journal Entry - Tx 10399 Line 1,6036.72,Debit
TX-10399,29/10/2025,390000,Journal Entry - Tx 10399 Line 2,-6036.72,Credit
TX-10400,08/06/2025,102001,Journal Entry - Tx 10400 Line 1,11199.78,Debit
TX-10400,08/06/2025,301000,Journal Entry - Tx 10400 Line 2,-11199.78,Credit
TX-10401,28/03/2025,610000,Journal Entry - Tx 10401 Line 1,1191.87,Debit
TX-10401,28/03/2025,201000,Journal Entry - Tx 10401 Line 2,-1191.87,Credit
TX-10402,29/09/2025,110000,Journal Entry - Tx 10402 Line 1,7673.78,Debit
TX-10402,29/09/2025,301000,Journal Entry - Tx 10402 Line 2,-7673.78,Credit
TX-10403,27/11/2025,102001,Journal Entry - Tx 10403 Line 1,12234.8,Debit
TX-10403,27/11/2025,201000,Journal Entry - Tx 10403 Line 2,-12234.8,Credit
TX-10404,16/03/2025,102001,Journal Entry - Tx 10404 Line 1,3876.72,Debit
TX-10404,16/03/2025,401000,Journal Entry - Tx 10404 Line 2,-3876.72,Credit
TX-10405,20/03/2025,610000,Journal Entry - Tx 10405 Line 1,11415.22,Debit
TX-10405,20/03/2025,201000,Journal Entry - Tx 10405 Line 2,-11415.22,Credit
TX-10406,01/04/2025,610000,Journal Entry - Tx 10406 Line 1,14271.82,Debit
TX-10406,01/04/2025,390000,Journal Entry - Tx 10406 Line 2,-14271.82,Credit
TX-10407,26/08/2025,601010,Journal Entry - Tx 10407 Line 1,11328.97,Debit
TX-10407,26/08/2025,390000,Journal Entry - Tx 10407 Line 2,-11328.97,Credit
TX-10408,15/12/2025,601010,Journal Entry - Tx 10408 Line 1,13866.11,Debit
TX-10408,15/12/2025,402000,Journal Entry - Tx 10408 Line 2,-13866.11,Credit
TX-10409,22/11/2025,110000,Journal Entry - Tx 10409 Line 1,14798.65,Debit
TX-10409,22/11/2025,402000,Journal Entry - Tx 10409 Line 2,-14798.65,Credit
TX-10410,11/06/2025,101000,Journal Entry - Tx 10410 Line 1,2306.81,Debit
TX-10410,11/06/2025,390000,Journal Entry - Tx 10410 Line 2,-2306.81,Credit
TX-10411,15/08/2025,110000,Journal Entry - Tx 10411 Line 1,9489.21,Debit
TX-10411,15/08/2025,401000,Journal Entry - Tx 10411 Line 2,-9489.21,Credit
TX-10412,29/01/2025,101000,Journal Entry - Tx 10412 Line 1,5311.54,Debit
TX-10412,29/01/2025,301000,Journal Entry - Tx 10412 Line 2,-5311.54,Credit
TX-10413,25/08/2025,101000,Journal Entry - Tx 10413 Line 1,6806.11,Debit
TX-10413,25/08/2025,301000,Journal Entry - Tx 10413 Line 2,-6806.11,Credit
TX-10414,27/05/2025,101000,Journal Entry - Tx 10414 Line 1,1197.13,Debit
TX-10414,27/05/2025,401000,Journal Entry - Tx 10414 Line 2,-1197.13,Credit
TX-10415,01/11/2025,501000,Journal Entry - Tx 10415 Line 1,7630.66,Debit
TX-10415,01/11/2025,401000,Journal Entry - Tx 10415 Line 2,-7630.66,Credit
TX-10416,11/10/2025,610000,Journal Entry - Tx 10416 Line 1,14315.76,Debit
TX-10416,11/10/2025,201000,Journal Entry - Tx 10416 Line 2,-14315.76,Credit
TX-10417,19/08/2025,601010,Journal Entry - Tx 10417 Line 1,13640.3,Debit
TX-10417,19/08/2025,402000,Journal Entry - Tx 10417 Line 2,-13640.3,Credit
TX-10418,07/04/2025,501000,Journal Entry - Tx 10418 Line 1,4856.83,Debit
TX-10418,07/04/2025,401000,Journal Entry - Tx 10418 Line 2,-4856.83,Credit
TX-10419,19/03/2025,501000,Journal Entry - Tx 10419 Line 1,14367.95,Debit
TX-10419,19/03/2025,201000,Journal Entry - Tx 10419 Line 2,-14367.95,Credit
TX-10420,25/06/2025,101000,Journal Entry - Tx 10420 Line 1,14736.66,Debit
TX-10420,25/06/2025,401000,Journal Entry - Tx 10420 Line 2,-14736.66,Credit
TX-10421,27/11/2025,102001,Journal Entry - Tx 10421 Line 1,2629.76,Debit
TX-10421,27/11/2025,402000,Journal Entry - Tx 10421 Line 2,-2629.76,Credit
TX-10422,13/08/2025,601010,Journal Entry - Tx 10422 Line 1,14865.24,Debit
TX-10422,13/08/2025,401000,Journal Entry - Tx 10422 Line 2,-14865.24,Credit
TX-10423,09/11/2025,110000,Journal Entry - Tx 10423 Line 1,2423.26,Debit
TX-10423,09/11/2025,301000,Journal Entry - Tx 10423 Line 2,-2423.26,Credit
TX-10424,18/07/2025,110000,Journal Entry - Tx 10424 Line 1,6161.1,Debit
TX-10424,18/07/2025,402000,Journal Entry - Tx 10424 Line 2,-6161.1,Credit
TX-10425,03/11/2025,610000,Journal Entry - Tx 10425 Line 1,832.86,Debit
TX-10425,03/11/2025,402000,Journal Entry - Tx 10425 Line 2,-832.86,Credit
TX-10426,21/06/2025,101000,Journal Entry - Tx 10426 Line 1,1035.38,Debit
TX-10426,21/06/2025,401000,Journal Entry - Tx 10426 Line 2,-1035.38,Credit
TX-10427,14/12/2025,110000,Journal Entry - Tx 10427 Line 1,5829.13,Debit
TX-10427,14/12/2025,402000,Journal Entry - Tx 10427 Line 2,-5829.13,Credit
TX-10428,03/12/2025,601010,Journal Entry - Tx 10428 Line 1,14467.93,Debit
TX-10428,03/12/2025,210000,Journal Entry - Tx 10428 Line 2,-14467.93,Credit
TX-10429,20/06/2025,610000,Journal Entry - Tx 10429 Line 1,1268.45,Debit
TX-10429,20/06/2025,210000,Journal Entry - Tx 10429 Line 2,-1268.45,Credit
TX-10430,29/06/2025,610000,Journal Entry - Tx 10430 Line 1,4687.96,Debit
TX-10430,29/06/2025,402000,Journal Entry - Tx 10430 Line 2,-4687.96,Credit
TX-10431,06/12/2025,601010,Journal Entry - Tx 10431 Line 1,5909.77,Debit
TX-10431,06/12/2025,402000,Journal Entry - Tx 10431 Line 2,-5909.77,Credit
TX-10432,13/02/2025,501000,Journal Entry - Tx 10432 Line 1,4678.25,Debit
TX-10432,13/02/2025,402000,Journal Entry - Tx 10432 Line 2,-4678.25,Credit
TX-10433,18/06/2025,610000,Journal Entry - Tx 10433 Line 1,12207.11,Debit
TX-10433,18/06/2025,402000,Journal Entry - Tx 10433 Line 2,-12207.11,Credit
TX-10434,17/12/2025,101000,Journal Entry - Tx 10434 Line 1,13691.1,Debit
TX-10434,17/12/2025,402000,Journal Entry - Tx 10434 Line 2,-13691.1,Credit
TX-10435,10/12/2025,110000,Journal Entry - Tx 10435 Line 1,6379.93,Debit
TX-10435,10/12/2025,201000,Journal Entry - Tx 10435 Line 2,-6379.93,Credit
TX-10436,05/07/2025,102001,Journal Entry - Tx 10436 Line 1,4667.55,Debit
TX-10436,05/07/2025,301000,Journal Entry - Tx 10436 Line 2,-4667.55,Credit
TX-10437,06/09/2025,102001,Journal Entry - Tx 10437 Line 1,2920.48,Debit
TX-10437,06/09/2025,210000,Journal Entry - Tx 10437 Line 2,-2920.48,Credit
TX-10438,09/02/2025,101000,Journal Entry - Tx 10438 Line 1,4472.09,Debit
TX-10438,09/02/2025,401000,Journal Entry - Tx 10438 Line 2,-4472.09,Credit
TX-10439,04/10/2025,601010,Journal Entry - Tx 10439 Line 1,12535.04,Debit
TX-10439,04/10/2025,201000,Journal Entry - Tx 10439 Line 2,-12535.04,Credit
TX-10440,05/12/2025,601010,Journal Entry - Tx 10440 Line 1,5084.63,Debit
TX-10440,05/12/2025,210000,Journal Entry - Tx 10440 Line 2,-5084.63,Credit
TX-10441,02/11/2025,102001,Journal Entry - Tx 10441 Line 1,5681.96,Debit
TX-10441,02/11/2025,210000,Journal Entry - Tx 10441 Line 2,-5681.96,Credit
TX-10442,21/12/2025,102001,Journal Entry - Tx 10442 Line 1,11577.91,Debit
TX-10442,21/12/2025,402000,Journal Entry - Tx 10442 Line 2,-11577.91,Credit
TX-10443,13/08/2025,110000,Journal Entry - Tx 10443 Line 1,703.2,Debit
TX-10443,13/08/2025,402000,Journal Entry - Tx 10443 Line 2,-703.2,Credit
TX-10444,02/05/2025,601010,Journal Entry - Tx 10444 Line 1,14545.35,Debit
TX-10444,02/05/2025,301000,Journal Entry - Tx 10444 Line 2,-14545.35,Credit
TX-10445,18/08/2025,102001,Journal Entry - Tx 10445 Line 1,3548.34,Debit
TX-10445,18/08/2025,301000,Journal Entry - Tx 10445 Line 2,-3548.34,Credit
TX-10446,29/08/2025,102001,Journal Entry - Tx 10446 Line 1,13564.42,Debit
TX-10446,29/08/2025,301000,Journal Entry - Tx 10446 Line 2,-13564.42,Credit
TX-10447,14/12/2025,501000,Journal Entry - Tx 10447 Line 1,14209.6,Debit
TX-10447,14/12/2025,390000,Journal Entry - Tx 10447 Line 2,-14209.6,Credit
TX-10448,25/05/2025,601010,Journal Entry - Tx 10448 Line 1,11682.95,Debit
TX-10448,25/05/2025,401000,Journal Entry - Tx 10448 Line 2,-11682.95,Credit
TX-10449,03/08/2025,102001,Journal Entry - Tx 10449 Line 1,14495.71,Debit
TX-10449,03/08/2025,401000,Journal Entry - Tx 10449 Line 2,-14495.71,Credit
TX-10450,12/03/2025,101000,Journal Entry - Tx 10450 Line 1,13101.38,Debit
TX-10450,12/03/2025,402000,Journal Entry - Tx 10450 Line 2,-13101.38,Credit
TX-10451,04/09/2025,601010,Journal Entry - Tx 10451 Line 1,13118.05,Debit
TX-10451,04/09/2025,201000,Journal Entry - Tx 10451 Line 2,-13118.05,Credit
TX-10452,31/12/2025,101000,Journal Entry - Tx 10452 Line 1,12696.09,Debit
TX-10452,31/12/2025,301000,Journal Entry - Tx 10452 Line 2,-12696.09,Credit
TX-10453,12/02/2025,110000,Journal Entry - Tx 10453 Line 1,11458.6,Debit
TX-10453,12/02/2025,390000,Journal Entry - Tx 10453 Line 2,-11458.6,Credit
TX-10454,20/09/2025,501000,Journal Entry - Tx 10454 Line 1,2252.86,Debit
TX-10454,20/09/2025,201000,Journal Entry - Tx 10454 Line 2,-2252.86,Credit
TX-10455,24/04/2025,110000,Journal Entry - Tx 10455 Line 1,12259.71,Debit
TX-10455,24/04/2025,201000,Journal Entry - Tx 10455 Line 2,-12259.71,Credit
TX-10456,01/08/2025,601010,Journal Entry - Tx 10456 Line 1,846.19,Debit
TX-10456,01/08/2025,301000,Journal Entry - Tx 10456 Line 2,-846.19,Credit
TX-10457,01/05/2025,101000,Journal Entry - Tx 10457 Line 1,5823.18,Debit
TX-10457,01/05/2025,301000,Journal Entry - Tx 10457 Line 2,-5823.18,Credit
TX-10458,25/04/2025,101000,Journal Entry - Tx 10458 Line 1,471.4,Debit
TX-10458,25/04/2025,402000,Journal Entry - Tx 10458 Line 2,-471.4,Credit
TX-10459,29/11/2025,102001,Journal Entry - Tx 10459 Line 1,5062.59,Debit
TX-10459,29/11/2025,210000,Journal Entry - Tx 10459 Line 2,-5062.59,Credit
TX-10460,20/01/2025,501000,Journal Entry - Tx 10460 Line 1,4338.85,Debit
TX-10460,20/01/2025,402000,Journal Entry - Tx 10460 Line 2,-4338.85,Credit
TX-10461,13/03/2025,501000,Journal Entry - Tx 10461 Line 1,11394.68,Debit
TX-10461,13/03/2025,390000,Journal Entry - Tx 10461 Line 2,-11394.68,Credit
TX-10462,12/11/2025,101000,Journal Entry - Tx 10462 Line 1,128.51,Debit
TX-10462,12/11/2025,201000,Journal Entry - Tx 10462 Line 2,-128.51,Credit
TX-10463,12/05/2025,102001,Journal Entry - Tx 10463 Line 1,3274.04,Debit
TX-10463,12/05/2025,401000,Journal Entry - Tx 10463 Line 2,-3274.04,Credit
TX-10464,08/11/2025,101000,Journal Entry - Tx 10464 Line 1,7940.18,Debit
TX-10464,08/11/2025,301000,Journal Entry - Tx 10464 Line 2,-7940.18,Credit
TX-10465,02/05/2025,101000,Journal Entry - Tx 10465 Line 1,4552.21,Debit
TX-10465,02/05/2025,210000,Journal Entry - Tx 10465 Line 2,-4552.21,Credit
TX-10466,03/08/2025,601010,Journal Entry - Tx 10466 Line 1,9602.33,Debit
TX-10466,03/08/2025,390000,Journal Entry - Tx 10466 Line 2,-9602.33,Credit
TX-10467,02/02/2025,501000,Journal Entry - Tx 10467 Line 1,1707.33,Debit
TX-10467,02/02/2025,401000,Journal Entry - Tx 10467 Line 2,-1707.33,Credit
TX-10468,02/10/2025,601010,Journal Entry - Tx 10468 Line 1,295.71,Debit
TX-10468,02/10/2025,401000,Journal Entry - Tx 10468 Line 2,-295.71,Credit
TX-10469,04/05/2025,110000,Journal Entry - Tx 10469 Line 1,10792.24,Debit
TX-10469,04/05/2025,390000,Journal Entry - Tx 10469 Line 2,-10792.24,Credit
TX-10470,01/01/2025,102001,Journal Entry - Tx 10470 Line 1,9241.4,Debit
TX-10470,01/01/2025,401000,Journal Entry - Tx 10470 Line 2,-9241.4,Credit
TX-10471,02/08/2025,610000,Journal Entry - Tx 10471 Line 1,2850.34,Debit
TX-10471,02/08/2025,201000,Journal Entry - Tx 10471 Line 2,-2850.34,Credit
TX-10472,26/09/2025,101000,Journal Entry - Tx 10472 Line 1,14621.08,Debit
TX-10472,26/09/2025,401000,Journal Entry - Tx 10472 Line 2,-14621.08,Credit
TX-10473,06/10/2025,601010,Journal Entry - Tx 10473 Line 1,7634.55,Debit
TX-10473,06/10/2025,401000,Journal Entry - Tx 10473 Line 2,-7634.55,Credit
TX-10474,11/01/2025,501000,Journal Entry - Tx 10474 Line 1,5887.28,Debit
TX-10474,11/01/2025,201000,Journal Entry - Tx 10474 Line 2,-5887.28,Credit
TX-10475,22/11/2025,110000,Journal Entry - Tx 10475 Line 1,5833.88,Debit
TX-10475,22/11/2025,301000,Journal Entry - Tx 10475 Line 2,-5833.88,Credit
TX-10476,09/01/2025,101000,Journal Entry - Tx 10476 Line 1,5388.55,Debit
TX-10476,09/01/2025,301000,Journal Entry - Tx 10476 Line 2,-5388.55,Credit
TX-10477,04/05/2025,610000,Journal Entry - Tx 10477 Line 1,11007.47,Debit
TX-10477,04/05/2025,201000,Journal Entry - Tx 10477 Line 2,-11007.47,Credit
TX-10478,25/10/2025,110000,Journal Entry - Tx 10478 Line 1,11041.05,Debit
TX-10478,25/10/2025,210000,Journal Entry - Tx 10478 Line 2,-11041.05,Credit
TX-10479,23/01/2025,110000,Journal Entry - Tx 10479 Line 1,5316.87,Debit
TX-10479,23/01/2025,402000,Journal Entry - Tx 10479 Line 2,-5316.87,Credit
TX-10480,31/03/2025,610000,Journal Entry - Tx 10480 Line 1,12464.24,Debit
TX-10480,31/03/2025,390000,Journal Entry - Tx 10480 Line 2,-12464.24,Credit
TX-10481,23/12/2025,102001,Journal Entry - Tx 10481 Line 1,7204.04,Debit
TX-10481,23/12/2025,210000,Journal Entry - Tx 10481 Line 2,-7204.04,Credit
TX-10482,02/02/2025,501000,Journal Entry - Tx 10482 Line 1,10754.87,Debit
TX-10482,02/02/2025,201000,Journal Entry - Tx 10482 Line 2,-10754.87,Credit
TX-10483,31/05/2025,102001,Journal Entry - Tx 10483 Line 1,3063.79,Debit
TX-10483,31/05/2025,201000,Journal Entry - Tx 10483 Line 2,-3063.79,Credit
TX-10484,11/06/2025,601010,Journal Entry - Tx 10484 Line 1,14003.9,Debit
TX-10484,11/06/2025,390000,Journal Entry - Tx 10484 Line 2,-14003.9,Credit
TX-10485,06/10/2025,101000,Journal Entry - Tx 10485 Line 1,7127.33,Debit
TX-10485,06/10/2025,402000,Journal Entry - Tx 10485 Line 2,-7127.33,Credit
TX-10486,08/04/2025,101000,Journal Entry - Tx 10486 Line 1,4327.36,Debit
TX-10486,08/04/2025,402000,Journal Entry - Tx 10486 Line 2,-4327.36,Credit
TX-10487,19/06/2025,110000,Journal Entry - Tx 10487 Line 1,4134.59,Debit
TX-10487,19/06/2025,390000,Journal Entry - Tx 10487 Line 2,-4134.59,Credit
TX-10488,24/07/2025,501000,Journal Entry - Tx 10488 Line 1,11162.45,Debit
TX-10488,24/07/2025,301000,Journal Entry - Tx 10488 Line 2,-11162.45,Credit
TX-10489,06/04/2025,501000,Journal Entry - Tx 10489 Line 1,7468.24,Debit
TX-10489,06/04/2025,301000,Journal Entry - Tx 10489 Line 2,-7468.24,Credit
TX-10490,23/09/2025,101000,Journal Entry - Tx 10490 Line 1,4037.47,Debit
TX-10490,23/09/2025,402000,Journal Entry - Tx 10490 Line 2,-4037.47,Credit
TX-10491,06/08/2025,601010,Journal Entry - Tx 10491 Line 1,1229.96,Debit
TX-10491,06/08/2025,210000,Journal Entry - Tx 10491 Line 2,-1229.96,Credit
TX-10492,07/10/2025,101000,Journal Entry - Tx 10492 Line 1,4441.81,Debit
TX-10492,07/10/2025,201000,Journal Entry - Tx 10492 Line 2,-4441.81,Credit
TX-10493,17/06/2025,110000,Journal Entry - Tx 10493 Line 1,9930.74,Debit
TX-10493,17/06/2025,390000,Journal Entry - Tx 10493 Line 2,-9930.74,Credit
TX-10494,05/11/2025,102001,Journal Entry - Tx 10494 Line 1,10779.06,Debit
TX-10494,05/11/2025,402000,Journal Entry - Tx 10494 Line 2,-10779.06,Credit
TX-10495,16/08/2025,101000,Journal Entry - Tx 10495 Line 1,5305.63,Debit
TX-10495,16/08/2025,402000,Journal Entry - Tx 10495 Line 2,-5305.63,Credit
TX-10496,30/06/2025,501000,Journal Entry - Tx 10496 Line 1,9242.03,Debit
TX-10496,30/06/2025,301000,Journal Entry - Tx 10496 Line 2,-9242.03,Credit
TX-10497,24/11/2025,101000,Journal Entry - Tx 10497 Line 1,14701.41,Debit
TX-10497,24/11/2025,201000,Journal Entry - Tx 10497 Line 2,-14701.41,Credit
TX-10498,10/12/2025,110000,Journal Entry - Tx 10498 Line 1,9580.81,Debit
TX-10498,10/12/2025,401000,Journal Entry - Tx 10498 Line 2,-9580.81,Credit
TX-10499,14/12/2025,101000,Journal Entry - Tx 10499 Line 1,2441.8,Debit
TX-10499,14/12/2025,210000,Journal Entry - Tx 10499 Line 2,-2441.8,Credit
TX-10500,08/11/2025,501000,Journal Entry - Tx 10500 Line 1,10187.43,Debit
TX-10500,08/11/2025,201000,Journal Entry - Tx 10500 Line 2,-10187.43,Credit
